Year,StateFIPS,CountyFIPS,Amount,Income,Rate,Income Ratio,LTV,Property Type,First,Race,Gender,Age,Credit Score
2015,24,17,264550,54408,0.0363,0.5147,1.03,PT01,1,5,1,28,3
2015,12,109,295000,191724,0.035,2.8488,1.0,PT07,1,7,2,57,5
2015,51,510,268650,82500,0.035,0.7805,1.03,PT11,1,5,1,32,5
2015,13,113,219900,64320,0.035,0.9281,1.0,PT07,2,3,1,75,4
2015,24,510,135300,81744,0.035,0.955,1.04,PT01,2,5,1,42,5
2015,37,51,398350,107628,0.0363,2.0423,1.01,PT07,2,3,2,48,5
2015,37,51,340000,104532,0.0363,1.9835,0.96,PT01,1,7,3,53,5
2015,12,71,195100,89976,0.035,1.5785,1.04,PT01,2,7,3,67,5
2015,37,93,305000,223968,0.0363,4.2499,0.92,PT01,2,7,2,37,5
2015,24,27,411550,185904,0.0363,2.1718,1.03,PT11,2,7,2,37,4
2015,13,39,200000,76452,0.035,1.6914,1.0,PT01,2,7,3,34,5
2015,12,105,50600,21936,0.0375,0.4025,0.51,PT07,1,5,1,61,5
2015,51,47,389000,135480,0.0388,2.5757,1.0,PT01,2,7,1,58,4
2015,24,33,300000,137256,0.0375,1.2985,0.96,PT01,2,7,1,50,5
2015,37,47,130000,39012,0.0388,0.7771,0.81,PT01,2,5,1,88,5
2015,51,153,280000,158688,0.04,1.5013,0.91,PT07,1,5,1,50,5
2015,13,67,202500,70680,0.0363,1.0199,0.88,PT01,2,5,1,73,5
2015,24,3,414700,101208,0.035,1.1823,1.03,PT07,2,3,1,55,5
2015,51,810,170000,72768,0.0375,1.0263,1.0,PT11,1,5,1,48,5
2015,37,85,277050,114384,0.0375,2.2786,0.98,PT07,2,5,1,43,5
2015,21,111,181704,123420,0.0388,1.9345,1.03,PT01,2,5,1,37,4
2015,37,35,228000,149268,0.04,2.8005,1.0,PT01,2,5,1,71,5
2015,51,153,379650,87972,0.0375,0.8323,0.89,PT07,2,7,1,67,5
2015,12,97,157300,177648,0.0375,3.0524,0.81,PT07,2,5,1,61,5
2015,12,127,210000,160848,0.0375,2.778,0.98,PT07,2,3,1,47,5
2015,12,57,377000,160488,0.0363,2.8455,1.03,PT07,2,5,1,51,5
2015,51,59,263400,210600,0.0375,1.9924,1.03,PT11,2,3,1,50,4
2015,12,103,260000,122028,0.0375,2.1636,1.0,PT01,2,5,1,56,4
2015,24,33,399900,186324,0.0375,1.7628,1.0,PT11,2,3,1,53,3
2015,51,59,370000,84480,0.0375,0.7992,1.0,PT01,1,5,1,48,5
2015,21,67,235200,134844,0.0388,2.0096,0.91,PT07,1,5,1,49,5
2015,51,3,360000,159900,0.0375,2.0553,1.0,PT01,2,5,1,60,5
2015,51,59,403900,99996,0.0375,0.946,1.03,PT01,2,3,1,52,4
2015,12,57,370000,102456,0.0375,1.8166,1.0,PT07,2,5,1,56,5
2015,51,510,283850,85980,0.04,0.8134,1.02,PT11,1,5,1,36,2
2015,13,77,369050,248820,0.0375,3.5905,0.96,PT07,2,5,1,52,5
2015,24,3,295000,92376,0.0375,1.0792,1.0,PT07,1,5,1,27,5
2015,47,93,203750,69996,0.04,1.1253,1.02,PT01,2,7,1,28,5
2015,12,91,229800,48000,0.0375,0.7018,1.02,PT07,1,7,3,32,2
2015,13,51,162400,99480,0.0288,1.6362,1.03,PT01,2,7,3,30,4
2015,51,59,412500,137748,0.0313,1.3032,0.77,PT07,1,3,1,46,5
2015,12,9,165900,81000,0.0288,1.3823,0.71,PT07,2,7,3,41,4
2015,12,109,400000,158220,0.0288,2.351,0.98,PT07,2,5,1,76,5
2015,1,1,200000,168864,0.0275,2.8097,1.0,PT01,1,5,1,52,3
2015,37,139,47500,36288,0.0288,0.7229,1.0,PT01,1,3,1,55,4
2015,13,73,145000,79500,0.0288,1.3731,1.0,PT07,1,3,1,26,5
2015,51,187,333000,129948,0.0313,1.2294,0.92,PT07,2,5,2,58,5
2015,51,187,380000,169992,0.0288,1.6082,1.0,PT07,1,7,1,43,5
2015,37,183,415000,211728,0.0288,2.6499,0.82,PT07,2,5,2,38,4
2015,51,59,325000,149856,0.0288,1.4177,0.92,PT07,2,3,2,55,5
2015,45,91,149450,302424,0.0288,4.4149,1.0,PT01,2,5,1,41,4
2015,37,63,256000,190044,0.0275,2.7663,1.0,PT07,2,3,1,59,5
2015,1,97,140000,80796,0.0275,1.5568,0.85,PT01,2,5,1,58,5
2015,12,109,325000,112788,0.0313,1.6759,0.84,PT01,2,5,1,55,5
2015,37,183,126050,65628,0.0288,0.8214,1.0,PT07,1,3,1,33,4
2015,12,9,330000,171588,0.0288,2.9281,1.0,PT01,2,5,1,75,5
2015,12,61,155000,48372,0.03,0.8991,1.0,PT07,2,5,1,74,5
2015,51,680,239900,49344,0.0375,0.821,1.0,PT07,2,5,2,44,5
2015,37,89,382500,116688,0.0375,1.9981,1.0,PT01,2,7,1,40,3
2015,24,25,293350,150648,0.0388,1.7599,1.04,PT07,2,5,1,40,2
2015,51,685,413200,117660,0.0375,1.1132,1.04,PT07,1,5,1,50,3
2015,37,31,330950,83568,0.04,1.6647,1.03,PT07,1,7,1,31,5
2015,37,99,254400,65184,0.0375,1.2985,0.95,PT01,2,5,1,66,5
2015,24,33,308450,91320,0.0375,0.8640000000000001,1.0,PT01,1,3,1,47,4
2015,24,3,290000,87696,0.0375,1.0245,1.0,PT07,2,3,1,36,4
2015,51,153,310000,112908,0.0388,1.0682,1.0,PT07,2,5,2,42,5
2015,24,5,347000,74892,0.04,0.8749,0.97,PT01,2,5,1,50,4
2015,28,33,140000,85632,0.0388,1.4489,1.0,PT01,1,3,2,27,4
2015,12,91,286000,77880,0.0375,1.1386,1.03,PT07,1,7,1,39,5
2015,54,3,235000,109476,0.0388,1.6612,1.0,PT07,2,7,3,50,4
2015,21,239,248800,84936,0.0388,1.2658,0.8,PT01,2,7,3,43,5
2015,37,135,310000,107040,0.0363,1.5581,1.0,PT07,1,2,1,46,4
2015,12,105,117600,104292,0.035,1.9136,0.8,PT07,1,5,1,72,5
2015,24,33,416800,222048,0.035,2.1007,1.04,PT01,2,3,2,39,5
2015,47,125,188850,52716,0.0375,0.9726,1.03,PT01,1,7,2,23,2
2015,51,31,185850,107160,0.0375,1.783,0.81,PT01,2,5,2,40,5
2015,12,11,417000,89508,0.0375,1.4298,0.86,PT07,1,7,1,57,4
2015,45,79,165500,62868,0.0375,0.9747,1.0,PT01,1,5,1,38,5
2015,51,700,273000,155532,0.0375,2.1937,1.0,PT11,2,3,1,60,5
2015,12,91,198000,135756,0.0288,1.9847,1.0,PT07,2,7,1,49,5
2015,1,73,114500,52992,0.03,0.8438,1.0,PT01,2,5,1,26,5
2015,1,89,260000,122112,0.03,1.7031,1.0,PT01,2,5,1,39,4
2015,47,35,250000,101376,0.0275,2.2038,0.72,PT07,2,5,1,60,5
2015,13,145,251000,93276,0.0338,1.7835,1.04,PT01,1,5,1,29,5
2015,12,57,326850,144312,0.035,2.5587,1.03,PT01,2,5,1,52,5
2015,37,93,126000,85656,0.035,1.6254,0.9,PT01,2,5,1,55,4
2015,24,3,339900,84528,0.035,0.9875,0.98,PT01,2,7,2,45,5
2015,51,107,378000,124740,0.035,1.1801,0.78,PT07,2,7,3,37,5
2015,51,193,209650,143616,0.0338,2.7303,1.04,PT01,2,4,2,44,5
2015,24,33,155000,139944,0.0363,1.324,1.0,PT11,2,3,1,55,4
2015,51,107,180000,337080,0.035,3.189,0.95,PT11,2,5,1,55,5
2015,51,510,225000,57276,0.035,0.5419,0.79,PT11,2,7,1,79,5
2015,51,79,210000,88932,0.0363,1.1431,1.0,PT07,1,5,1,36,4
2015,1,101,168500,62496,0.0363,1.0399,1.03,PT01,1,3,2,30,3
2015,12,86,371850,141684,0.0363,2.6936,1.04,PT07,2,7,1,51,4
2015,51,127,417000,245496,0.035,3.2473,0.86,PT01,2,5,1,56,5
2015,51,810,258200,96348,0.035,1.3589,1.0,PT11,1,5,2,35,5
2015,24,9,290000,114516,0.0363,1.0834,1.0,PT07,1,5,1,41,3
2015,37,183,347300,198312,0.035,2.482,1.03,PT07,2,7,1,53,5
2015,12,99,257800,65004,0.035,1.0141,0.88,PT07,2,7,1,35,5
2015,13,223,165000,50496,0.035,0.7287,1.0,PT07,2,3,1,67,5
2015,37,51,220000,172536,0.035,3.2739,1.0,PT01,2,5,1,48,5
2015,1,117,151850,58260,0.0363,0.9277,1.04,PT01,2,5,1,58,5
2015,37,71,229900,145548,0.035,2.1248,1.0,PT07,2,5,1,51,5
2015,12,81,364500,179880,0.035,3.003,0.66,PT07,1,5,2,64,3
2015,51,59,404500,86268,0.035,0.8162,1.03,PT07,2,5,1,53,3
2015,12,11,307000,185148,0.035,2.9576,0.96,PT07,2,3,1,46,5
2015,24,15,279900,82308,0.035,1.005,1.04,PT11,2,5,1,40,4
2015,51,109,250000,133224,0.035,1.7622,1.0,PT07,2,5,1,54,5
2015,51,510,300000,123132,0.035,1.1649,1.0,PT11,2,7,2,57,4
2015,12,57,265000,48420,0.0363,0.8585,1.0,PT01,1,5,1,54,5
2015,24,5,380000,143064,0.035,1.6713,1.0,PT01,1,3,1,31,4
2015,12,103,218000,73932,0.0363,1.3109,1.0,PT01,1,5,1,57,3
2015,12,71,335600,131892,0.0363,2.3139,1.04,PT07,1,3,1,50,5
2015,51,700,135000,66192,0.0338,0.9336,0.48,PT01,2,5,1,56,5
2015,12,71,153000,38472,0.035,0.6749,1.0,PT01,1,5,1,32,4
2015,45,85,148000,51336,0.035,1.0762,0.98,PT07,1,5,1,27,4
2015,12,113,417000,124416,0.0325,2.1016,0.95,PT01,2,5,2,41,5
2015,45,19,366050,125508,0.0338,1.9922,0.92,PT07,1,5,1,28,4
2015,51,3,300000,84936,0.0363,1.0917,0.61,PT07,2,5,1,69,5
2015,12,113,338800,174024,0.035,2.9396,1.04,PT07,2,5,1,40,4
2015,24,27,390000,114624,0.0338,1.3391,1.0,PT01,1,2,1,44,5
2015,51,43,417000,196416,0.035,1.8582,0.74,PT01,2,7,3,49,5
2015,12,91,106300,117708,0.0275,1.7209,0.79,PT01,1,5,1,34,5
2015,47,125,275000,139020,0.0275,2.5649,0.95,PT01,2,3,1,47,5
2015,13,77,131400,90000,0.035,1.2987,0.68,PT01,2,5,1,57,5
2015,51,11,142500,69984,0.0413,1.1645,0.95,PT01,2,5,2,37,4
2015,47,37,216000,135000,0.04,2.0119,0.8,PT11,1,5,2,29,5
2015,24,33,245471,71042,0.0475,0.6721,0.97,PT01,2,3,2,32,2
2015,13,135,298493,56400,0.045,0.8139,0.97,PT01,2,3,1,34,2
2015,13,97,175000,28956,0.04,0.4178,0.5,PT01,2,5,1,47,4
2015,47,65,319000,211368,0.0363,3.6569,0.69,PT07,2,5,1,45,5
2015,12,99,173400,55176,0.0388,0.8608,0.6,PT07,2,5,1,74,5
2015,21,15,112125,153210,0.04,2.1549,0.74,PT06,2,5,1,54,5
2015,21,117,144000,131358,0.0313,1.8475,0.8,PT01,1,5,2,26,5
2015,45,13,210000,65215,0.04,0.9763,0.5,PT02,2,5,1,64,5
2015,47,37,301500,100000,0.04,1.5244,0.9,PT01,2,5,2,43,5
2015,47,147,69000,33654,0.0388,0.513,0.69,PT01,2,5,2,43,5
2015,21,117,328000,147120,0.0388,2.0692,0.8,PT01,2,5,1,35,5
2015,21,117,120621,117878,0.0388,1.6579,0.8,PT01,2,5,1,43,5
2015,21,117,331200,114230,0.0425,1.6066,0.8,PT01,2,5,1,52,3
2015,21,67,287200,120504,0.0388,1.7773,0.8,PT02,2,5,2,37,5
2015,21,93,98000,65850,0.0325,1.1512,0.49,PT01,2,5,1,41,5
2015,21,29,199200,62400,0.04,0.972,0.8,PT01,2,5,1,37,4
2015,21,37,131200,50316,0.0425,0.7077,0.8,PT01,2,5,2,32,5
2015,21,117,260000,150924,0.04,2.1227,0.73,PT01,2,5,1,45,5
2015,21,151,152000,60000,0.0388,1.3072,0.95,PT01,1,5,1,55,4
2015,21,37,88000,93840,0.0388,1.3198,0.69,PT01,2,5,1,65,5
2015,21,15,176200,320112,0.0388,4.5023,0.95,PT02,1,5,2,29,5
2015,21,67,133600,67000,0.04,0.9882,0.8,PT01,1,5,2,26,5
2015,21,67,288000,177924,0.0388,2.6242,0.8,PT02,2,5,1,41,5
2015,21,117,229950,84002,0.0388,1.1815,0.8,PT01,2,5,1,37,5
2015,21,67,100000,23880,0.04,0.3522,0.67,PT01,2,5,2,50,5
2015,21,67,341200,128136,0.0388,1.8899,0.92,PT02,2,5,1,46,4
2015,21,113,162500,70032,0.0388,1.0329,0.8,PT01,2,5,1,35,5
2015,21,15,130000,42578,0.0388,0.5988,0.69,PT01,2,5,2,32,5
2015,21,15,175200,87613,0.0388,1.2323,0.8,PT01,2,5,1,40,5
2015,21,67,155800,41040,0.0388,0.6053,0.95,PT01,2,2,2,45,5
2015,21,239,204700,69036,0.0388,1.0182,0.9,PT02,2,5,1,36,5
2015,21,117,172000,36480,0.0388,0.5131,0.8,PT01,2,5,2,32,5
2015,21,117,210000,91236,0.0388,1.2832,0.68,PT01,2,5,1,32,4
2015,21,117,202000,92290,0.04,1.298,0.92,PT01,2,5,1,44,4
2015,47,189,284000,147085,0.0388,2.2421,0.8,PT01,1,5,2,30,4
2015,21,101,55200,36790,0.0388,0.5785,0.8,PT01,2,5,2,36,5
2015,21,101,280000,337392,0.0375,5.3049,0.8,PT01,2,5,1,60,4
2015,21,193,184800,95793,0.0363,2.087,0.8,PT01,2,5,1,40,5
2015,21,193,44000,32922,0.0325,0.7173,0.8,PT01,2,5,2,56,3
2015,21,111,45000,59821,0.0325,0.9318,0.2,PT01,2,7,3,55,5
2015,21,111,108000,82906,0.04,1.2914,0.8,PT01,2,7,3,39,5
2015,21,111,209000,135338,0.04,2.1081,0.45,PT01,2,5,1,68,4
2015,21,111,168000,100448,0.0325,1.5646,0.68,PT01,2,5,1,70,5
2015,21,117,75000,47101,0.0413,0.6625,0.6,PT01,2,5,2,40,5
2015,21,29,152000,59683,0.04,0.9296,0.8,PT01,2,5,1,49,5
2015,21,15,417000,193485,0.0388,2.7213,0.93,PT01,2,5,1,46,5
2015,21,117,117000,118699,0.0388,1.6695,0.78,PT06,2,5,1,69,5
2015,21,117,104000,32579,0.0388,0.4582,0.8,PT01,2,5,2,28,5
2015,21,37,365750,148990,0.04,2.0955,0.95,PT01,2,5,1,30,5
2015,21,151,171000,88608,0.0388,1.9305,0.9,PT01,2,5,1,38,5
2015,21,67,109250,38438,0.04,0.5669,0.95,PT01,2,5,1,30,4
2015,21,67,90000,41004,0.0375,0.6048,0.52,PT01,2,5,1,63,5
2015,21,117,180000,78319,0.0388,1.1015,0.8,PT06,1,5,2,35,3
2015,21,211,136828,142144,0.04,2.2141,0.8,PT01,2,5,1,69,5
2015,21,179,192950,69755,0.04,1.5197,0.85,PT01,2,5,1,44,5
2015,47,37,220000,83602,0.0425,1.2744,0.8,PT01,2,5,1,65,5
2015,21,111,75000,38052,0.0388,0.5927,0.49,PT02,2,5,2,57,5
2015,47,179,197600,74880,0.04,1.4596,0.95,PT01,2,5,2,29,4
2015,21,111,56000,55000,0.0325,0.8567,0.8,PT01,2,5,1,26,3
2015,21,21,125920,26860,0.04,0.5852,0.8,PT01,1,5,2,31,4
2015,21,111,125500,119218,0.0325,1.857,0.39,PT01,2,7,3,49,4
2015,21,37,90000,120654,0.0325,1.6969999999999998,0.4,PT01,2,5,1,54,5
2015,21,37,32800,41452,0.0325,0.583,0.8,PT01,2,5,2,59,5
2015,21,117,125000,134580,0.0325,1.8928,0.72,PT01,2,7,3,42,5
2015,21,15,46400,58596,0.0325,0.8241,0.8,PT06,2,5,2,28,5
2015,21,117,156750,224412,0.0325,3.1563,0.8,PT01,2,5,1,54,5
2015,21,15,171500,166609,0.0325,2.3433,0.88,PT01,2,5,1,26,4
2015,21,49,236200,120000,0.03,1.7699,0.75,PT01,2,5,2,39,5
2015,21,67,133000,73932,0.0388,1.0904,0.95,PT01,1,5,1,28,4
2015,21,117,72000,24710,0.04,0.3475,0.8,PT01,1,5,1,23,4
2015,21,117,128000,59652,0.0375,0.8390000000000001,0.8,PT01,2,5,2,33,5
2015,21,67,116350,42996,0.0375,0.6342,0.95,PT01,1,5,1,27,4
2015,21,67,231200,145512,0.0375,2.1462,0.85,PT02,2,5,2,37,5
2015,21,117,109200,43164,0.0388,0.6071,0.8,PT01,1,5,1,30,5
2015,21,209,169500,59208,0.0375,0.8733,0.8,PT02,2,5,1,37,5
2015,21,181,204250,109296,0.04,2.3812,0.95,PT01,2,5,1,34,4
2015,21,67,123500,71400,0.0388,1.0531,0.95,PT01,2,5,1,51,5
2015,21,67,135000,84240,0.0375,1.2425,0.9,PT01,1,5,2,32,4
2015,21,89,68000,55702,0.04,1.057,0.8,PT01,2,5,1,28,5
2015,21,37,114800,97969,0.0388,1.3779,0.8,PT01,1,5,2,25,5
2015,21,211,92940,185000,0.04,2.8816,0.8,PT01,2,5,1,38,5
2015,21,101,204000,49872,0.0375,0.7842,0.8,PT01,2,5,1,39,5
2015,21,101,143200,126948,0.0375,1.996,0.8,PT01,2,5,1,59,4
2015,21,21,146930,51459,0.04,1.1211,0.59,PT01,1,5,1,35,5
2015,47,37,295200,117996,0.0375,1.7987,0.9,PT01,1,5,1,27,3
2015,21,117,35000,48564,0.04,0.6829999999999999,0.67,PT06,1,5,1,26,5
2015,21,15,267400,124794,0.0388,1.7552,0.95,PT02,2,5,1,37,5
2015,21,113,299200,185100,0.0388,2.7301,0.95,PT01,2,5,1,44,4
2015,21,117,72000,59472,0.0388,0.8365,0.49,PT01,2,5,1,45,5
2015,21,117,230400,114729,0.04,1.6136,0.9,PT01,2,5,1,38,5
2015,21,113,279000,90000,0.0375,1.3274,0.9,PT02,2,5,1,33,5
2015,21,15,108000,49812,0.0375,0.7006,0.8,PT01,2,5,1,33,4
2015,21,37,34850,75720,0.0375,1.065,0.75,PT06,2,5,1,56,3
2015,47,163,239920,121098,0.04,2.3932,0.8,PT01,2,5,1,33,5
2015,21,15,92000,37884,0.0375,0.5328,0.8,PT01,1,5,1,27,4
2015,21,113,142320,63240,0.0388,0.9327,0.8,PT01,2,5,1,26,4
2015,21,67,102000,57720,0.0375,0.8513,0.8,PT01,1,5,1,28,5
2015,21,15,350400,131212,0.0375,1.8455,0.8,PT02,2,5,1,46,5
2015,21,73,94000,54000,0.04,1.1765,0.8,PT01,1,5,2,29,5
2015,21,19,137750,89636,0.0388,1.7009,0.95,PT01,2,5,2,37,4
2015,21,117,206336,81429,0.035,1.1453,0.74,PT01,1,5,1,55,3
2015,21,163,207000,71123,0.0388,1.2434,0.75,PT01,2,5,1,63,5
2015,21,89,71450,64855,0.0375,1.2306,0.68,PT01,2,5,1,68,5
2015,47,187,300000,62577,0.035,0.9539,0.54,PT01,2,5,2,78,5
2015,21,19,76960,57024,0.0388,1.082,0.8,PT01,2,5,1,27,3
2015,21,111,186400,133560,0.04,2.0804,0.8,PT01,2,3,2,40,5
2015,21,67,238836,275788,0.0275,4.0677,0.8,PT01,2,5,1,62,4
2015,47,157,235900,167016,0.0363,2.7929,0.78,PT01,2,5,1,28,5
2015,21,101,124000,85713,0.035,1.3477,0.8,PT01,2,5,1,47,5
2015,21,211,176498,48435,0.04,0.7544,0.95,PT01,2,5,1,29,5
2015,21,67,308800,144701,0.0375,2.1342,0.8,PT01,2,5,1,30,4
2015,21,67,80500,19428,0.0388,0.2865,0.88,PT01,1,5,2,31,5
2015,21,93,97000,59315,0.04,1.037,0.74,PT01,2,5,2,57,5
2015,47,165,200450,91250,0.0375,1.391,0.68,PT01,2,5,1,32,5
2015,21,15,172000,152420,0.035,2.1437,0.8,PT02,2,5,1,35,5
2015,21,125,108800,101820,0.0375,2.2183,0.8,PT01,2,5,1,34,5
2015,21,27,90000,43812,0.0313,0.9545,0.75,PT01,1,5,1,27,4
2015,21,15,143837,100750,0.0375,1.4169999999999998,0.8,PT01,1,5,2,23,4
2015,21,117,274500,105000,0.0375,1.4768,0.9,PT02,2,5,1,46,5
2015,47,187,264000,84888,0.0375,1.294,0.8,PT02,2,5,1,68,5
2015,21,117,144000,102732,0.0388,1.4449,0.8,PT01,2,5,1,42,4
2015,21,117,50100,18696,0.0375,0.263,0.8,PT01,1,5,1,27,5
2015,21,117,180600,132385,0.0375,1.862,0.65,PT06,2,5,1,60,5
2015,21,117,95200,37827,0.035,0.532,0.8,PT01,1,5,1,29,4
2015,47,189,130000,67000,0.0363,1.0213,0.56,PT01,2,5,1,44,5
2015,21,15,135850,47616,0.0388,0.6697,0.95,PT02,2,5,2,30,5
2015,21,111,200000,94485,0.0363,1.4717,0.63,PT01,2,5,1,46,5
2015,47,187,395000,139984,0.0325,2.1339,0.74,PT01,2,5,1,38,5
2015,47,37,271968,128004,0.0313,1.9513,0.8,PT01,2,5,1,56,4
2015,21,185,416000,355957,0.0363,5.5445,0.8,PT01,2,5,1,41,4
2015,21,37,180000,68932,0.035,0.9695,0.8,PT02,2,5,2,69,5
2015,21,101,183200,97058,0.035,1.5261,0.8,PT01,2,5,1,31,5
2015,21,15,365000,116182,0.0375,1.6341,0.8,PT02,2,7,1,55,4
2015,21,117,79200,38856,0.0363,0.5465,0.8,PT01,2,5,2,29,5
2015,21,67,216000,120000,0.0363,1.7699,0.8,PT01,2,5,1,34,4
2015,21,181,199500,112356,0.0375,2.4478,0.95,PT01,2,5,1,39,5
2015,21,111,135600,70000,0.0375,1.0903,0.8,PT01,1,5,1,27,5
2015,47,157,149000,107136,0.0388,1.7916,0.43,PT01,2,5,1,44,5
2015,21,15,196800,180440,0.035,2.5378,0.8,PT02,2,5,2,31,5
2015,54,41,80000,40037,0.0363,0.85,0.73,PT01,2,5,1,72,5
2015,54,107,127500,75912,0.0388,1.3903,0.63,PT01,1,5,1,33,5
2015,12,69,145000,44616,0.0388,0.8142,0.62,PT01,2,5,2,53,5
2015,47,157,225165,123504,0.0388,2.0653,0.85,PT01,2,2,2,40,3
2015,21,93,269500,106032,0.035,1.8537,0.79,PT01,2,5,1,39,4
2015,21,185,383200,197533,0.0375,3.0768,0.8,PT01,2,7,3,42,4
2015,47,37,336000,181000,0.0375,2.7591,0.8,PT01,2,5,2,36,5
2015,21,117,182320,83491,0.035,1.1743,0.8,PT01,2,5,1,38,5
2015,21,211,193000,159600,0.0363,2.486,0.48,PT01,2,5,1,50,5
2015,21,101,112800,30000,0.035,0.4717,0.8,PT01,2,5,2,44,5
2015,21,101,108000,55640,0.035,0.8748,0.8,PT01,2,5,2,69,4
2015,21,15,188000,115833,0.0375,1.6292,0.8,PT01,2,5,1,61,4
2015,21,151,225000,77461,0.0363,1.6876,0.9,PT01,2,5,2,38,5
2015,21,15,112000,42533,0.0363,0.5982,0.73,PT02,1,5,2,26,5
2015,21,89,45600,44316,0.0388,0.8409,0.95,PT01,1,5,1,22,4
2015,21,117,132000,103173,0.0375,1.4511,0.8,PT01,2,5,1,37,4
2015,21,67,173600,214668,0.0388,3.1662,0.8,PT01,2,5,1,41,5
2015,21,37,174750,113417,0.0375,1.5952,0.75,PT01,2,7,1,46,5
2015,21,113,118900,80172,0.0375,1.1825,0.95,PT01,2,5,2,32,5
2015,47,171,144000,68157,0.0375,1.3286,0.8,PT01,1,5,1,27,4
2015,21,211,400000,184600,0.0363,2.8754,0.79,PT01,2,5,1,38,5
2015,21,111,341200,577808,0.0363,9.0001,0.8,PT01,2,5,1,36,5
2015,21,211,196000,90100,0.0363,1.4034,0.8,PT01,2,5,1,38,4
2015,21,117,113590,47174,0.0363,0.6516,0.75,PT06,1,5,1,27,5
2015,21,15,162000,66872,0.0338,0.9236,0.77,PT02,2,5,2,45,5
2015,21,37,138300,81684,0.0363,1.1282,0.8,PT01,2,5,1,33,5
2015,21,113,176000,76992,0.0363,1.1289,0.8,PT01,2,5,1,38,5
2015,21,37,66000,55376,0.0363,0.7649,0.66,PT06,2,5,2,59,5
2015,21,67,166250,113455,0.0363,1.6636,0.95,PT01,1,5,1,30,5
2015,21,117,123200,47124,0.0363,0.6509,0.8,PT02,1,5,1,30,3
2015,21,5,169200,59064,0.0363,1.2594,0.9,PT01,2,5,1,39,5
2015,21,15,288000,152110,0.0388,2.101,0.8,PT01,2,5,1,33,4
2015,21,185,332000,105000,0.0363,1.6055,0.8,PT01,2,5,1,34,5
2015,21,15,87200,130000,0.0363,1.7956,0.65,PT06,2,5,1,45,5
2015,21,117,170400,54997,0.0363,0.7596,0.8,PT01,2,5,2,38,5
2015,21,37,83200,40425,0.0375,0.5584,0.8,PT06,1,5,2,26,3
2015,21,101,110000,50050,0.0288,0.7724,0.8,PT01,2,5,1,26,4
2015,47,149,172720,82038,0.0313,1.2226,0.8,PT01,1,7,3,41,5
2015,47,37,108000,30763,0.0388,0.4585,0.8,PT01,2,5,1,50,4
2015,21,117,175750,78000,0.0363,1.0773,0.95,PT01,2,5,2,35,5
2015,21,117,276350,127378,0.0363,1.7594,0.75,PT02,2,5,1,43,5
2015,21,117,209600,146940,0.0363,2.0296,0.8,PT01,1,5,2,35,5
2015,21,117,360000,122933,0.0363,1.6980000000000002,0.8,PT01,2,5,1,34,4
2015,21,117,172000,79512,0.0363,1.0982,0.8,PT01,2,5,1,27,4
2015,21,37,209000,103572,0.0363,1.4306,0.7,PT01,2,5,2,34,5
2015,21,67,292000,110784,0.0363,1.6244,0.8,PT01,2,5,2,37,5
2015,21,37,194800,145920,0.0375,2.0155,0.8,PT01,2,5,1,32,5
2015,21,117,168000,140000,0.0363,1.9337,0.8,PT01,2,5,1,60,5
2015,21,225,62000,78276,0.03,1.669,0.38,PT01,2,5,1,46,5
2015,21,15,233500,129564,0.0363,1.7896,0.8,PT02,2,5,1,38,4
2015,21,107,84800,94733,0.0363,2.0199,0.8,PT01,2,5,1,67,4
2015,47,189,267280,76931,0.0313,1.1465,0.8,PT01,1,5,2,44,5
2015,21,37,199200,59304,0.035,0.8191,0.8,PT02,2,5,1,75,5
2015,47,37,124000,57249,0.0375,0.8532,0.8,PT01,1,5,1,67,4
2015,47,187,316000,229295,0.0375,3.4172,0.8,PT01,2,5,1,36,5
2015,21,117,161100,69996,0.0363,0.9668,0.9,PT01,1,5,1,27,5
2015,21,67,292600,137400,0.0375,2.0147,0.8,PT01,2,5,1,54,5
2015,21,29,192600,106286,0.0363,1.6252,0.9,PT02,2,5,1,40,5
2015,21,113,325500,196764,0.0375,2.8851,0.75,PT01,2,5,1,39,5
2015,21,239,280000,110400,0.0375,1.6188,0.8,PT02,2,5,1,54,5
2015,21,209,130000,85608,0.0363,1.2552,0.95,PT01,2,5,2,35,5
2015,21,15,268000,100020,0.0375,1.3815,0.8,PT01,2,5,1,31,5
2015,21,67,125600,60732,0.0363,0.8905,0.8,PT01,1,3,1,39,4
2015,21,67,115000,69540,0.0375,1.0196,0.54,PT01,2,5,2,49,4
2015,21,81,256000,80760,0.0363,1.1155,0.8,PT01,1,5,1,38,5
2015,21,15,68800,68807,0.0363,0.9504,0.8,PT06,1,5,1,34,5
2015,21,199,140000,118572,0.0363,2.5282,0.8,PT01,2,5,1,40,5
2015,21,67,112000,45132,0.0363,0.6618,0.8,PT01,2,5,2,28,4
2015,21,9,115000,36609,0.0313,0.7806,0.76,PT06,2,5,1,61,4
2015,21,15,186400,56520,0.0363,0.7807,0.8,PT02,2,5,1,25,5
2015,47,163,120000,34788,0.0375,0.6716,0.71,PT01,2,5,1,77,5
2015,21,185,74000,65621,0.0375,1.0034,0.56,PT01,2,5,1,37,5
2015,21,15,240000,189995,0.0375,2.6242,0.7,PT02,2,5,1,39,5
2015,21,111,404700,285541,0.0388,4.3661,0.95,PT01,2,5,1,39,5
2015,47,157,200000,123348,0.0375,2.0422,0.52,PT01,2,5,1,62,5
2015,47,187,417000,111427,0.035,1.6606,0.6,PT01,2,5,1,33,4
2015,21,37,163000,108336,0.0375,1.4964,0.9,PT01,2,5,2,69,5
2015,21,37,110500,57612,0.0375,0.7957,0.66,PT01,2,5,2,56,4
2015,21,67,60000,33546,0.0375,0.4919,0.75,PT01,2,5,1,40,5
2015,21,151,110570,33800,0.0388,0.7207,0.95,PT01,1,5,1,23,4
2015,21,117,180000,82704,0.0363,1.1423,0.75,PT02,2,5,2,60,5
2015,21,37,92000,42996,0.0363,0.5939,0.8,PT01,1,5,2,25,5
2015,21,187,140000,57875,0.0388,1.234,0.78,PT02,2,5,1,66,5
2015,21,37,80000,37500,0.0375,0.518,0.8,PT01,1,5,2,24,4
2015,21,37,301600,142000,0.0375,1.9613,0.8,PT01,2,5,2,32,5
2015,21,117,100000,55051,0.0375,0.7604,0.63,PT02,2,7,3,66,5
2015,21,101,156000,64800,0.0375,1.0,0.8,PT01,2,5,1,29,3
2015,47,157,351200,205160,0.0375,3.3967,0.8,PT01,2,5,1,40,5
2015,21,19,48000,26437,0.035,0.4772,0.8,PT01,1,5,1,29,5
2015,21,9,48800,56364,0.04,1.2018,0.8,PT01,2,5,1,60,3
2015,21,117,112800,47877,0.0375,0.6613,0.8,PT01,1,5,2,24,4
2015,21,9,100000,36576,0.0375,0.7799,0.77,PT01,2,7,3,61,5
2015,21,15,162000,78276,0.0375,1.0812,0.9,PT01,2,5,2,33,5
2015,47,19,68800,31200,0.0363,0.5954,0.8,PT01,1,5,2,25,5
2015,54,79,232000,181551,0.0375,3.2771,0.8,PT02,2,5,1,39,4
2015,45,13,190000,78234,0.035,1.1677,0.68,PT02,2,5,3,67,5
2015,54,81,197000,83077,0.0375,1.6582,0.69,PT01,1,5,1,36,5
2015,21,89,290000,101922,0.0375,1.8397,0.8,PT01,2,1,1,34,5
2015,21,15,225040,99318,0.0375,1.3718,0.8,PT02,2,5,1,34,5
2015,21,185,140600,34125,0.0375,0.5218,0.79,PT01,2,5,1,31,4
2015,21,211,320000,110998,0.0363,1.6972,0.8,PT01,2,5,1,38,5
2015,21,37,75000,51581,0.0388,0.7124,0.75,PT01,1,5,1,24,4
2015,47,37,204000,45000,0.0363,0.6706,0.8,PT01,1,7,3,29,4
2015,21,19,60000,49120,0.04,0.8866,0.48,PT01,2,5,1,58,5
2015,21,111,161920,69060,0.0325,1.056,0.8,PT01,2,5,1,28,5
2015,21,37,223600,95000,0.0375,1.3122,0.8,PT02,2,5,1,57,5
2015,21,179,225520,108160,0.0375,2.3062,0.8,PT01,2,7,1,46,5
2015,21,93,146400,83731,0.0375,1.4412,0.8,PT01,2,5,2,31,5
2015,21,117,99000,64980,0.0375,0.8975,0.9,PT02,1,5,2,31,5
2015,21,37,125000,116160,0.0375,1.6044,0.78,PT01,1,5,1,27,4
2015,21,227,203300,43500,0.0388,0.7552,0.95,PT01,2,5,1,30,5
2015,47,37,417000,164910,0.0375,2.4577,0.76,PT01,2,5,2,50,5
2015,21,117,173090,114721,0.0375,1.5845,0.95,PT01,1,5,2,39,5
2015,54,79,223920,137226,0.0388,2.477,0.8,PT01,2,5,1,37,5
2015,21,15,248000,96181,0.0375,1.3285,0.8,PT01,2,5,2,43,4
2015,21,29,211840,130988,0.0363,2.0029,0.8,PT01,2,5,2,30,5
2015,21,93,118800,48335,0.0363,0.8319,0.8,PT01,1,5,1,32,4
2015,21,73,164000,72533,0.0363,1.5465,0.8,PT01,2,5,2,35,5
2015,47,37,209150,110302,0.0388,1.6438,0.79,PT01,1,7,3,37,4
2015,21,117,285000,167862,0.0375,2.3185,0.75,PT01,2,5,1,39,5
2015,47,37,383930,144834,0.0363,2.1585,0.8,PT01,2,7,3,39,5
2015,21,137,97000,27652,0.0375,0.5896,0.87,PT01,1,5,1,27,4
2015,21,15,304000,193200,0.04,2.6685,0.95,PT02,2,5,1,38,4
2015,47,113,344000,275983,0.03,5.0179,0.8,PT01,2,5,1,57,5
2015,21,179,128720,36927,0.0375,0.7874,0.8,PT01,2,5,1,27,3
2015,21,117,181800,129984,0.0375,1.7954,0.9,PT01,2,5,1,36,5
2015,21,117,178600,72000,0.0375,0.9945,0.95,PT01,2,5,2,32,4
2015,21,67,282000,163849,0.0388,2.4025,0.94,PT02,1,5,1,28,5
2015,21,15,170900,69912,0.0375,0.9656,0.95,PT01,2,5,1,32,5
2015,21,117,81000,21347,0.0388,0.2948,0.9,PT01,2,5,2,70,5
2015,21,15,417000,199668,0.0375,2.7578,0.71,PT02,2,5,1,39,5
2015,21,37,228000,113323,0.0363,1.5652,0.8,PT01,2,5,2,24,4
2015,21,29,118400,105000,0.0388,1.6055,0.8,PT01,1,7,3,50,4
2015,21,151,109600,46280,0.0325,0.9868,0.8,PT01,2,7,3,57,5
2015,21,117,280000,108876,0.0375,1.5038,0.74,PT01,2,5,1,43,5
2015,21,117,181022,84655,0.0375,1.1693,0.95,PT02,2,5,1,33,5
2015,21,117,176000,77839,0.0375,1.0751,0.8,PT01,2,5,1,25,5
2015,47,157,188000,94440,0.04,1.5636,0.8,PT01,2,5,1,28,5
2015,21,111,254700,175448,0.0375,2.6827,0.9,PT01,2,5,1,35,4
2015,21,85,100000,92952,0.0375,1.9819,0.77,PT01,2,5,1,71,5
2015,21,15,226400,195172,0.0363,2.6957,0.8,PT01,2,5,1,43,4
2015,37,119,149600,54995,0.035,0.8333,0.8,PT06,1,5,1,27,4
2015,21,19,316000,100267,0.0375,1.8099,0.8,PT01,2,5,1,31,5
2015,21,37,162000,70236,0.0388,0.9701,0.69,PT06,2,5,2,69,5
2015,47,165,207920,68000,0.0363,1.0134,0.8,PT01,2,5,1,29,4
2015,21,37,75375,33420,0.0375,0.4616,0.75,PT06,2,5,1,69,5
2015,21,15,149600,41853,0.0375,0.5781,0.8,PT01,2,5,2,28,5
2015,21,15,112500,49608,0.0375,0.6852,0.75,PT02,1,5,1,28,5
2015,21,209,101600,95724,0.0375,1.4036,0.8,PT01,2,5,2,40,5
2015,21,67,134400,59645,0.0363,0.8746,0.7,PT01,1,5,2,39,5
2015,21,151,190400,87784,0.0363,1.8717,0.8,PT01,2,5,2,41,4
2015,21,37,96000,55290,0.0388,0.7637,0.8,PT01,2,5,1,61,4
2015,21,67,135000,66732,0.0363,0.9785,0.75,PT01,2,5,1,77,5
2015,21,117,167600,92880,0.0363,1.2829,0.8,PT02,2,5,2,44,5
2015,21,67,144400,83592,0.0363,1.2257,0.8,PT01,2,5,1,32,5
2015,21,37,97600,43018,0.0363,0.5942,0.8,PT01,2,5,2,68,4
2015,21,117,97500,255588,0.0363,3.5302,0.5,PT02,2,5,1,83,4
2015,21,117,123200,51540,0.0363,0.7119,0.8,PT01,2,5,2,57,5
2015,21,15,182000,148956,0.0363,2.0574,0.8,PT01,2,5,1,55,5
2015,21,151,129100,39408,0.0375,0.8403,0.85,PT01,2,5,1,35,4
2015,21,67,219000,130902,0.0363,1.9194,0.69,PT01,2,5,1,32,5
2015,21,67,98800,73488,0.0363,1.0775,0.8,PT01,1,5,1,23,5
2015,21,37,84000,90492,0.0363,1.2499,0.75,PT01,1,5,2,26,3
2015,21,117,63000,51612,0.0375,0.7129,0.61,PT02,2,5,2,56,5
2015,21,67,161900,49868,0.0375,0.7312,0.9,PT01,1,5,1,27,5
2015,21,37,135920,63107,0.035,0.8716,0.8,PT01,1,5,2,28,5
2015,54,49,320000,177267,0.0388,3.6251,0.8,PT02,2,5,1,42,5
2015,54,11,265000,96000,0.0388,1.7329,0.73,PT01,2,5,1,60,5
2015,47,187,408000,115296,0.035,1.7183,0.8,PT01,2,5,1,29,4
2015,21,101,99000,34464,0.0363,0.5319,0.79,PT01,2,5,2,60,5
2015,21,101,200000,75312,0.0375,1.1622,0.8,PT01,2,5,1,52,4
2015,21,101,175000,100509,0.0375,1.5511,0.8,PT01,2,5,1,25,4
2015,21,111,319050,130640,0.0375,1.9976,0.9,PT01,2,5,1,50,5
2015,47,37,310283,96000,0.0375,1.4307,0.8,PT01,2,5,1,39,5
2015,21,19,90800,35460,0.0388,0.6401,0.8,PT01,1,5,1,25,4
2015,47,157,417000,413124,0.0375,6.8398,0.49,PT01,2,5,1,61,5
2015,21,111,116080,47763,0.0388,0.7303,0.8,PT01,2,5,1,55,5
2015,21,111,104000,82943,0.04,1.2682,0.8,PT01,2,5,1,30,3
2015,21,111,152000,52000,0.0388,0.7951,0.8,PT01,2,5,1,33,5
2015,54,33,97900,57936,0.0375,1.1848,0.5,PT01,2,5,1,63,5
2015,54,61,285000,124153,0.0375,1.8955,0.66,PT01,2,5,1,46,5
2015,21,151,130000,79426,0.0388,1.6935,0.8,PT01,2,5,1,53,5
2015,21,15,55500,70244,0.0363,0.9702,0.75,PT06,2,5,2,65,5
2015,21,67,105000,129936,0.0363,1.9052,0.66,PT02,2,5,1,50,5
2015,21,15,76500,106136,0.0363,1.466,0.75,PT06,2,5,2,51,5
2015,21,15,131750,55590,0.0363,0.7678,0.85,PT02,2,5,2,57,5
2015,21,117,156400,67008,0.0363,0.9255,0.8,PT01,2,5,2,46,5
2015,21,117,240000,240000,0.0363,3.3149,0.8,PT01,2,5,1,55,5
2015,21,37,258750,85499,0.035,1.1809,0.75,PT01,2,5,2,36,5
2015,21,67,125200,51528,0.0363,0.7555,0.8,PT02,1,5,1,29,5
2015,21,67,300000,209412,0.0363,3.0706,0.8,PT01,1,5,1,35,5
2015,21,113,200000,127851,0.0375,1.8746,0.8,PT01,2,5,1,59,5
2015,21,67,132000,80018,0.0288,1.1733,0.73,PT01,2,3,1,71,5
2015,21,227,165000,73446,0.04,1.2751,0.95,PT01,2,5,1,29,4
2015,21,23,104800,51551,0.0363,0.7120000000000001,0.8,PT01,2,5,2,24,4
2015,47,157,165000,46416,0.0388,0.7685,0.78,PT01,2,5,2,77,5
2015,21,117,224600,98272,0.0375,1.3573,0.8,PT02,2,5,2,32,4
2015,21,15,155325,92982,0.0388,1.2843,0.95,PT01,1,5,1,25,4
2015,21,89,139200,52089,0.0388,0.9402,0.8,PT01,2,5,1,32,5
2015,21,9,197600,76560,0.0388,1.6324,0.8,PT01,2,5,1,35,5
2015,21,227,94800,74364,0.0338,1.291,0.8,PT01,2,5,1,25,4
2015,21,211,100000,122716,0.0313,1.8764,0.31,PT01,2,5,1,54,5
2015,21,89,42800,49218,0.0325,0.8884,0.8,PT01,1,5,1,51,5
2015,21,117,218700,60500,0.0363,0.8356,0.9,PT01,1,5,1,32,4
2015,47,37,417000,243299,0.035,3.6259,0.75,PT01,2,5,2,34,5
2015,21,67,164800,58206,0.0363,0.8535,0.8,PT01,2,5,1,61,4
2015,21,117,358400,225000,0.0363,3.1077,0.8,PT01,2,5,1,44,5
2015,21,117,150000,117816,0.0388,1.6273,0.67,PT01,2,5,2,30,5
2015,21,67,232000,82632,0.0375,1.2116,0.8,PT01,2,5,1,56,5
2015,21,117,177600,128500,0.0363,1.7749,0.8,PT01,2,5,2,30,5
2015,21,67,221600,92000,0.0375,1.349,0.8,PT01,2,5,1,34,5
2015,21,79,147250,60550,0.0363,1.291,0.95,PT01,2,5,1,49,5
2015,21,67,217200,53808,0.0363,0.789,0.75,PT01,2,5,2,56,5
2015,21,117,224000,171000,0.0363,2.3619,0.8,PT01,2,5,1,50,5
2015,21,15,191250,118846,0.0388,1.6415,0.75,PT01,2,5,1,58,5
2015,21,15,412500,341313,0.0388,4.7143,0.75,PT01,2,5,1,35,5
2015,21,15,170800,155000,0.0363,2.1409,0.8,PT01,2,5,1,42,5
2015,21,37,96800,41576,0.0363,0.5743,0.68,PT01,1,5,2,30,4
2015,21,227,232750,70200,0.0363,1.2188,0.95,PT01,2,7,1,29,5
2015,47,157,57600,37327,0.04,0.618,0.8,PT01,1,5,1,33,5
2015,47,37,373293,146734,0.0363,2.1868,0.95,PT02,1,5,2,30,5
2015,54,49,110000,41154,0.0375,0.8416,0.74,PT01,2,5,2,58,5
2015,54,107,140000,102461,0.0363,1.8199,0.8,PT01,2,5,1,47,4
2015,51,87,288000,81996,0.0375,1.0566,0.8,PT02,2,5,1,31,5
2015,21,111,184000,87671,0.035,1.3405,0.8,PT01,2,5,2,32,5
2015,21,211,140000,100980,0.0363,1.544,0.66,PT01,2,5,1,58,5
2015,21,185,340000,128085,0.0388,1.9585,0.85,PT01,2,5,1,37,3
2015,21,111,217600,100625,0.0388,1.5386,0.8,PT01,1,7,1,30,5
2015,21,111,317250,150000,0.0388,2.2936,0.75,PT01,1,5,2,40,5
2015,21,85,90000,45336,0.0388,0.9667,0.8,PT01,2,5,1,47,5
2015,21,111,417000,241515,0.0375,3.6929,0.71,PT01,2,5,1,35,4
2015,21,123,135000,49071,0.0375,0.8446,0.79,PT01,1,5,1,39,5
2015,21,111,245000,616028,0.0363,9.4194,0.63,PT01,2,5,1,48,5
2015,47,47,395400,173451,0.0388,2.8717,0.8,PT02,2,5,1,60,4
2015,21,179,229600,140000,0.0375,2.9851,0.8,PT02,2,5,1,56,5
2015,21,73,134500,43784,0.0388,0.9336,0.62,PT01,2,5,1,49,5
2015,21,111,301500,263544,0.0363,4.0297,0.9,PT01,2,5,2,49,4
2015,21,111,117325,95000,0.0388,1.4526,0.95,PT01,2,5,1,47,4
2015,47,113,114000,92910,0.0375,1.6893,0.95,PT01,1,5,1,24,4
2015,21,89,183000,116030,0.0388,2.0944,0.79,PT01,2,5,1,64,4
2015,21,37,189400,92880,0.0288,1.2829,0.66,PT06,2,5,2,71,5
2015,21,37,83200,63072,0.0288,0.8712,0.8,PT01,2,5,2,52,4
2015,21,67,268000,191856,0.0288,2.8131,0.8,PT02,2,7,3,63,5
2015,21,37,109000,104076,0.0288,1.4375,0.75,PT01,2,5,1,51,5
2015,21,67,118950,66936,0.0288,0.9815,0.78,PT01,1,5,1,43,5
2015,21,117,120800,225672,0.0288,3.117,0.8,PT02,2,5,1,67,4
2015,21,67,139900,155124,0.03,2.2745,0.68,PT01,2,5,2,55,5
2015,21,19,285000,160550,0.0388,2.898,0.75,PT01,2,5,1,51,3
2015,21,67,150000,100740,0.0288,1.4771,0.61,PT02,2,5,1,34,5
2015,21,89,139600,74110,0.0388,1.3377,0.8,PT01,2,5,1,31,5
2015,21,67,169600,117816,0.0363,1.7275,0.75,PT01,2,5,1,49,5
2015,21,209,143600,98078,0.0363,1.4381,0.8,PT01,1,5,1,27,4
2015,21,67,227200,97608,0.0363,1.4312,0.8,PT02,2,5,1,36,5
2015,21,67,220800,108228,0.0375,1.5869,0.8,PT01,2,5,1,31,5
2015,21,113,216700,68496,0.0375,1.0043,0.75,PT02,2,5,1,41,5
2015,21,37,60000,48492,0.0363,0.6698,0.8,PT01,2,5,1,63,5
2015,21,117,67000,61980,0.0363,0.8561,0.51,PT01,2,5,1,66,5
2015,21,37,99200,43200,0.0375,0.5967,0.8,PT01,1,5,2,27,5
2015,21,5,361250,148884,0.0363,3.1745,0.85,PT01,2,5,1,36,5
2015,21,117,245600,80712,0.0388,1.1148,0.8,PT01,2,5,2,61,5
2015,21,67,295200,209844,0.0375,3.0769,0.8,PT01,1,5,1,33,5
2015,47,157,200000,128567,0.0363,2.1286,0.5,PT01,2,5,3,56,5
2015,21,37,135000,37716,0.0375,0.5209,0.66,PT01,2,5,1,27,4
2015,21,117,98100,59964,0.0375,0.8282,0.9,PT01,1,5,2,33,4
2015,21,117,155800,75204,0.0363,1.0387,0.95,PT01,1,5,2,29,5
2015,21,185,417000,163062,0.0375,2.4933,0.63,PT01,2,5,1,39,5
2015,21,9,102960,35100,0.0413,0.7484,0.88,PT01,2,5,1,48,3
2015,47,37,156766,43000,0.0388,0.6408,0.95,PT01,2,5,1,30,5
2015,21,9,90400,75000,0.04,1.5991,0.8,PT01,2,5,1,52,4
2015,21,37,130000,71763,0.0375,0.9912,0.25,PT02,2,5,1,58,4
2015,47,157,251100,75996,0.0388,1.2582,0.9,PT02,1,5,2,29,5
2015,47,113,92000,45000,0.03,0.8182,0.8,PT01,1,5,1,32,3
2015,21,49,102000,34007,0.0388,0.4986,0.8,PT01,2,5,2,70,5
2015,21,101,135000,63379,0.0363,0.9781,0.8,PT01,2,5,1,27,3
2015,21,101,130400,65617,0.0413,1.0126,0.8,PT01,2,5,1,39,5
2015,54,33,121600,63253,0.0363,1.2935,0.8,PT01,2,7,1,34,5
2015,21,111,108000,85000,0.0388,1.2997,0.72,PT01,2,5,2,47,4
2015,13,121,317600,114996,0.0388,1.6265,0.8,PT02,1,5,1,34,5
2015,21,101,346800,107162,0.04,1.6537,0.8,PT01,2,5,1,34,3
2015,12,21,300000,141666,0.0388,2.1303,0.61,PT01,2,5,1,49,5
2015,21,179,96000,37502,0.0375,0.7996,0.7,PT01,2,5,2,33,5
2015,21,127,122800,37836,0.0388,0.8067,0.8,PT01,2,5,2,73,5
2015,21,163,150000,137111,0.0375,2.3599,0.58,PT02,2,5,2,46,5
2015,21,101,110000,71907,0.0388,1.1097,0.79,PT01,2,5,1,72,5
2015,47,187,360000,189469,0.0375,2.8237,0.53,PT02,2,7,1,40,5
2015,21,151,87000,35100,0.0388,0.7484,0.64,PT01,1,5,2,27,5
2015,21,211,388000,141477,0.0375,2.1633,0.8,PT01,2,5,1,39,4
2015,21,123,212000,112757,0.0363,1.9407,0.8,PT01,2,5,1,36,5
2015,21,67,124000,30079,0.0375,0.441,0.8,PT02,1,5,2,27,4
2015,47,157,163680,35360,0.0375,0.5854,0.8,PT01,1,5,1,36,5
2015,1,115,138000,50268,0.0388,0.8043,0.58,PT01,2,5,1,58,5
2015,21,67,318250,129300,0.0363,1.8959,0.95,PT02,2,2,1,36,4
2015,21,117,145000,90000,0.0388,1.2431,0.88,PT01,2,7,3,38,5
2015,21,117,216900,172992,0.0363,2.3894,0.9,PT01,1,5,1,32,5
2015,21,37,110000,79752,0.0375,1.1015,0.51,PT02,2,5,2,51,5
2015,21,111,269100,123663,0.0388,1.8909,0.9,PT01,2,5,1,46,5
2015,21,93,118160,95966,0.0388,1.6517,0.8,PT01,2,5,1,38,5
2015,47,37,199170,54996,0.0375,0.8196,0.9,PT02,2,7,1,30,4
2015,21,163,148000,62808,0.04,1.081,0.8,PT01,2,5,1,59,5
2015,21,15,65000,51604,0.0288,0.7128,0.59,PT02,2,5,2,57,5
2015,21,239,73000,63300,0.0288,0.9282,0.29,PT06,2,5,1,69,5
2015,21,67,60000,47988,0.0288,0.7036,0.47,PT01,2,5,1,62,4
2015,21,37,287000,261996,0.0288,3.6187,0.7,PT01,2,5,1,50,5
2015,21,209,80000,93480,0.0288,1.3707,0.34,PT01,2,5,1,43,5
2015,21,15,84800,50000,0.0375,0.6906,0.8,PT02,1,5,1,34,5
2015,21,67,75000,28080,0.03,0.4117,0.43,PT01,2,5,1,59,5
2015,21,15,41500,125425,0.0288,1.7324,0.68,PT06,2,5,2,64,3
2015,21,117,216000,140609,0.0375,1.9421,0.8,PT01,2,5,1,35,5
2015,21,67,230200,86000,0.0375,1.261,0.75,PT01,2,5,2,31,4
2015,21,67,220800,120852,0.0388,1.7719999999999998,0.8,PT01,2,5,1,54,5
2015,21,15,196000,88332,0.0388,1.2201,0.8,PT02,2,5,1,44,5
2015,21,209,215900,188472,0.0375,2.7635,0.8,PT01,2,5,1,41,5
2015,21,67,263200,135000,0.0388,1.9795,0.8,PT01,2,5,1,36,5
2015,21,113,90000,49176,0.0388,0.7211,0.54,PT01,2,5,2,64,5
2015,21,67,218000,188532,0.0388,2.7644,0.8,PT01,2,5,1,56,5
2015,21,67,120000,70572,0.0388,1.0348,0.8,PT01,1,5,1,28,5
2015,21,117,143900,174816,0.0288,2.4146,0.8,PT01,1,5,2,35,5
2015,47,163,315000,144875,0.0388,2.7968,0.9,PT01,2,5,1,48,5
2015,21,21,60000,155472,0.0313,3.315,0.51,PT01,2,7,1,45,5
2015,21,67,150000,88584,0.03,1.2989,0.63,PT02,2,5,1,44,5
2015,21,37,145000,120192,0.03,1.6601,0.51,PT01,2,5,1,40,5
2015,21,117,127920,96709,0.0288,1.3358,0.8,PT01,2,5,1,59,5
2015,47,179,190000,96696,0.0388,1.8453,0.8,PT01,2,5,1,75,5
2015,21,67,68800,31680,0.0388,0.4645,0.8,PT01,1,5,2,28,5
2015,21,117,112500,101352,0.035,1.3999,0.9,PT01,2,5,1,31,4
2015,21,101,200000,107933,0.0388,1.6656,0.5,PT01,2,5,1,36,4
2015,21,59,203200,69078,0.0413,1.2014,0.8,PT01,2,5,1,72,5
2015,21,101,97200,83700,0.0413,1.2917,0.8,PT01,2,5,1,71,4
2015,21,117,210000,74880,0.0388,1.0343,0.75,PT01,2,5,2,31,5
2015,21,5,139000,150912,0.03,3.2177,0.64,PT02,2,5,1,53,4
2015,21,209,131900,44772,0.03,0.6565,0.8,PT02,1,5,1,22,4
2015,21,111,131920,41353,0.04,0.6323,0.8,PT01,1,5,1,44,5
2015,47,157,172000,68000,0.0413,1.1258,0.8,PT02,2,5,1,33,5
2015,21,67,104500,98995,0.03,1.4515,0.8,PT01,2,5,1,54,5
2015,47,163,70000,53748,0.0388,1.0376,0.38,PT01,2,5,1,39,5
2015,51,195,268000,260135,0.0388,4.9361,0.8,PT01,2,5,1,37,5
2015,21,111,250000,124056,0.0288,1.8969,0.51,PT01,2,2,1,42,5
2015,21,15,236000,94992,0.0363,1.3119999999999998,0.69,PT02,2,5,1,32,5
2015,47,37,400000,180483,0.0375,2.6898,0.8,PT02,1,7,1,45,4
2015,21,123,185600,89577,0.0388,1.5418,0.8,PT01,1,5,1,25,4
2015,47,165,220410,97677,0.0388,1.4557,0.9,PT02,2,5,1,31,5
2015,21,67,264000,110948,0.0388,1.6268,0.8,PT01,2,5,1,41,5
2015,21,67,108700,58868,0.0363,0.8632,0.75,PT01,2,5,1,39,5
2015,21,117,417000,171048,0.0375,2.3625,0.72,PT01,2,5,1,35,5
2015,21,73,126000,61008,0.0388,1.3008,0.6,PT01,2,5,1,64,5
2015,21,209,166400,79164,0.0388,1.1608,0.8,PT01,2,5,1,51,5
2015,21,209,106000,58212,0.0388,0.8535,0.47,PT01,2,5,2,46,4
2015,21,117,289600,171996,0.0388,2.3756,0.8,PT01,2,5,1,41,5
2015,21,117,80000,45279,0.0388,0.6254,0.58,PT06,2,5,2,66,5
2015,21,15,273600,106548,0.0375,1.4717,0.8,PT02,2,5,1,47,5
2015,21,151,320000,247212,0.0375,5.271,0.8,PT02,2,5,1,43,5
2015,21,73,100000,85524,0.0388,1.8235,0.75,PT01,2,5,2,51,5
2015,21,67,384225,221856,0.04,3.253,0.75,PT02,1,5,1,30,4
2015,21,15,360100,400442,0.0375,5.5310000000000015,0.79,PT02,2,7,3,32,5
2015,21,117,73150,38028,0.0388,0.5252,0.95,PT01,1,5,1,28,4
2015,21,73,314000,164544,0.04,3.5084,0.8,PT01,2,5,2,30,5
2015,21,67,147100,70716,0.0388,1.0369,0.95,PT01,1,5,2,26,5
2015,21,67,120100,50004,0.0388,0.7332,0.95,PT02,2,5,2,33,5
2015,21,117,79100,26711,0.0363,0.3689,0.9,PT06,1,5,2,74,5
2015,47,157,192000,75185,0.0388,1.2448,0.8,PT01,2,5,1,30,5
2015,21,113,93100,43980,0.0375,0.6449,0.95,PT01,1,5,1,33,5
2015,21,117,141250,66336,0.0375,0.9162,0.95,PT01,1,5,1,31,5
2015,21,101,105520,38000,0.0363,0.5864,0.8,PT01,1,5,1,25,4
2015,21,185,114400,37646,0.0388,0.5756,0.8,PT01,2,5,1,47,5
2015,21,15,199800,130437,0.04,1.8016,0.9,PT01,2,5,1,44,5
2015,21,117,174400,264758,0.04,3.6569,0.8,PT01,2,5,1,47,5
2015,21,37,213300,103428,0.0375,1.4286,0.9,PT01,2,5,2,46,4
2015,21,151,107300,116988,0.0363,2.4944,0.95,PT01,1,5,1,32,5
2015,21,151,136800,36984,0.0363,0.7886,0.95,PT01,2,5,1,52,5
2015,21,37,170500,152508,0.0388,2.1065,0.95,PT01,2,5,1,34,5
2015,21,67,252000,98040,0.0375,1.4375,0.9,PT01,2,5,1,39,5
2015,21,15,126900,83064,0.0375,1.1473,0.9,PT01,1,5,2,26,4
2015,21,117,145350,82716,0.0375,1.1425,0.95,PT01,2,5,1,41,4
2015,21,93,115900,99692,0.0338,1.7159,0.95,PT01,2,5,1,52,5
2015,21,117,192850,60000,0.0375,0.8287,0.95,PT01,2,5,1,41,5
2015,21,111,280000,88160,0.0388,1.348,0.8,PT01,2,5,2,56,5
2015,21,227,114400,169992,0.0375,2.9513,0.8,PT01,2,5,1,43,4
2015,21,15,164250,54326,0.0363,0.7504,0.95,PT01,1,5,2,40,5
2015,21,67,185200,75000,0.0363,1.0997,0.95,PT01,2,5,2,37,5
2015,21,117,361000,162072,0.0363,2.2386,0.95,PT01,2,5,1,32,5
2015,21,37,252000,116496,0.0363,1.6091,0.9,PT01,2,5,1,41,5
2015,21,67,294500,122196,0.0375,1.7917,0.95,PT01,2,2,2,26,5
2015,21,73,216000,131184,0.0363,2.7971,0.9,PT01,2,5,2,42,5
2015,21,15,263250,124548,0.0363,1.7203,0.9,PT01,2,5,1,34,4
2015,21,15,115000,37044,0.0363,0.5117,0.92,PT01,1,5,2,27,5
2015,21,117,169500,85896,0.0363,1.1864,0.9,PT01,1,5,1,29,5
2015,21,117,414000,240948,0.04,3.3280000000000003,0.9,PT01,2,5,1,52,3
2015,21,117,165000,60287,0.0375,0.8327,0.95,PT01,1,5,1,27,4
2015,21,67,273600,96684,0.0363,1.4177,0.95,PT02,2,5,1,35,5
2015,21,117,149625,79726,0.0375,1.1012,0.95,PT01,2,5,2,46,5
2015,21,209,156750,62820,0.0363,0.9211,0.95,PT01,2,5,2,59,5
2015,21,117,121300,93120,0.0375,1.2862,0.95,PT01,2,5,1,33,4
2015,12,105,184000,175032,0.0425,3.4798,0.8,PT02,2,5,1,51,4
2015,21,117,148000,68951,0.0363,0.9524,0.89,PT01,2,5,1,34,4
2015,21,21,129500,74058,0.0388,1.5791,0.88,PT01,1,5,1,25,5
2015,47,163,85600,31836,0.04,0.6146,0.8,PT01,1,7,1,24,3
2015,54,107,97600,72842,0.0375,1.2938,0.8,PT01,2,5,3,56,5
2015,54,11,91000,44443,0.0375,0.8022,0.8,PT01,1,5,1,32,5
2015,12,81,257600,66000,0.0425,1.0594,0.8,PT01,2,5,1,44,4
2015,21,117,204250,78924,0.0363,1.0901,0.95,PT01,2,5,1,28,4
2015,21,67,117000,51108,0.0375,0.7494,0.9,PT01,2,5,1,50,5
2015,21,37,174800,92352,0.0388,1.2756,0.95,PT01,1,5,2,26,5
2015,21,9,119250,68388,0.0425,1.4582,0.9,PT01,2,5,1,35,5
2015,21,19,32000,24752,0.035,0.4468,0.45,PT01,1,5,1,22,4
2015,21,37,216000,225367,0.0375,3.1128,0.8,PT06,2,5,1,59,5
2015,45,77,77000,66899,0.0388,1.2011,0.5,PT01,2,5,1,71,5
2015,47,157,118000,43624,0.0425,0.7223,0.8,PT01,1,5,2,30,5
2015,21,65,106400,51998,0.0388,1.1087,0.8,PT01,2,5,2,29,5
2015,21,37,120000,85889,0.0388,1.1863,0.45,PT02,2,5,2,65,5
2015,21,15,417000,264796,0.04,3.6574,0.75,PT02,2,5,1,45,4
2015,21,111,151200,147451,0.04,2.2546,0.8,PT01,1,7,3,27,4
2015,21,209,94450,34531,0.0388,0.5063,0.9,PT01,1,5,1,24,5
2015,47,37,205000,55846,0.04,0.8323,0.86,PT02,2,7,1,57,5
2015,21,111,104800,49738,0.0388,0.7605,0.8,PT01,1,7,2,31,5
2015,21,73,165000,59760,0.04,1.2742,0.77,PT01,2,5,1,42,5
2015,21,67,236000,69984,0.0388,1.0262,0.8,PT01,2,5,1,34,4
2015,47,157,90000,130200,0.0413,2.1556,0.34,PT01,2,5,1,62,5
2015,21,37,132400,80000,0.0388,1.105,0.8,PT01,1,5,1,31,5
2015,21,113,119200,50040,0.0388,0.7337,0.8,PT01,1,5,1,35,4
2015,21,15,157500,79619,0.04,1.0997,0.75,PT02,2,5,1,45,4
2015,21,67,199000,107100,0.04,1.5704,0.68,PT01,2,5,1,29,5
2015,21,111,222400,49728,0.04,0.7604,0.8,PT01,2,7,3,40,5
2015,21,67,151900,33528,0.04,0.4916,0.8,PT01,2,5,2,27,4
2015,21,185,188000,80443,0.04,1.23,0.8,PT01,2,5,1,32,5
2015,21,79,168600,92280,0.0388,1.9676,0.8,PT01,2,5,1,64,5
2015,21,15,137600,79020,0.04,1.0914,0.8,PT02,2,5,2,39,5
2015,47,179,112800,36746,0.04,0.7013,0.8,PT01,2,5,2,67,4
2015,47,179,150575,42400,0.04,0.8092,0.95,PT01,2,5,1,34,5
2015,21,137,85000,42584,0.04,0.908,0.78,PT01,1,5,2,49,4
2015,21,113,319000,96720,0.0388,1.4182,0.8,PT01,2,5,1,34,5
2015,21,37,340000,110000,0.0375,1.5193,0.8,PT01,2,5,1,48,5
2015,21,97,231200,131460,0.0388,2.803,0.8,PT01,2,5,1,44,5
2015,21,37,249400,70608,0.04,0.9752,0.8,PT01,2,5,1,32,5
2015,21,37,290400,218086,0.04,3.0122,0.8,PT01,2,5,1,33,5
2015,21,15,136000,45371,0.0388,0.6267,0.8,PT01,1,5,2,29,4
2015,21,67,112500,48888,0.0388,0.7168,0.75,PT06,2,5,2,65,5
2015,21,67,175900,62916,0.04,0.9225,0.8,PT01,2,5,1,51,5
2015,21,15,190400,113616,0.0388,1.5693,0.8,PT02,2,5,1,39,5
2015,21,67,312000,137844,0.04,2.0212,0.8,PT01,2,5,1,34,4
2015,21,111,294000,64860,0.04,0.9917,0.8,PT02,2,5,1,63,5
2015,21,67,170500,95825,0.04,1.4051,0.8,PT01,1,2,1,36,5
2015,21,117,134800,45500,0.04,0.6285,0.8,PT01,2,5,1,30,4
2015,21,67,105000,59232,0.04,0.8685,0.42,PT01,2,5,2,66,5
2015,21,137,96000,46758,0.04,0.997,0.8,PT01,1,5,1,42,4
2015,21,67,99000,52620,0.04,0.7716,0.64,PT01,2,5,1,76,5
2015,24,27,417000,181007,0.0375,2.0202,0.91,PT01,2,2,1,29,5
2015,21,37,116400,143633,0.04,1.9839,0.8,PT01,2,5,1,33,5
2015,21,167,78210,22172,0.0388,0.4728,0.9,PT01,2,5,2,33,5
2015,47,165,280000,152900,0.0388,2.2787,0.71,PT02,2,5,1,31,5
2015,21,111,130000,33000,0.0388,0.5046,0.85,PT01,1,5,2,26,4
2015,21,111,166000,90000,0.04,1.3761,0.8,PT01,2,5,2,51,5
2015,21,93,30000,55308,0.035,0.9519,0.19,PT01,2,5,2,50,5
2015,21,111,192850,97032,0.04,1.4837,0.95,PT01,2,5,2,32,5
2015,21,151,170000,86014,0.0388,1.834,0.9,PT01,2,5,1,45,5
2015,21,117,67200,32617,0.0388,0.4505,0.8,PT06,1,5,1,64,5
2015,21,15,100000,65853,0.0388,0.9096,0.66,PT01,2,5,1,25,4
2015,21,111,312000,191273,0.0388,2.9247,0.8,PT01,2,5,1,41,4
2015,21,117,118000,91500,0.04,1.2638,0.8,PT04,1,5,2,30,5
2015,21,67,399500,132456,0.0388,1.9422,0.75,PT02,2,5,1,38,4
2015,21,117,126000,59991,0.04,0.8286,0.7,PT01,2,5,2,69,5
2015,21,117,81750,44712,0.04,0.6176,0.75,PT06,1,5,2,24,4
2015,21,37,58000,37788,0.04,0.5219,0.66,PT06,1,5,2,26,3
2015,21,15,196000,102348,0.04,1.4136,0.8,PT02,2,5,1,35,5
2015,21,37,135100,122478,0.04,1.6917,0.59,PT01,2,5,2,56,4
2015,21,117,100000,97150,0.04,1.3419,0.61,PT06,2,5,1,45,5
2015,21,15,227600,91312,0.0413,1.2612,0.8,PT02,2,5,1,34,5
2015,21,117,175100,73038,0.0413,1.0088,0.85,PT01,2,5,1,33,5
2015,21,101,145000,140963,0.0363,2.1754,0.65,PT01,2,5,1,60,4
2015,47,113,141600,46800,0.04,0.8509,0.8,PT01,2,5,1,34,5
2015,21,15,152600,41600,0.04,0.5746,0.7,PT02,2,5,1,50,5
2015,21,185,202000,49800,0.04,0.7615,0.8,PT01,2,5,1,29,5
2015,21,211,173600,125862,0.04,1.9245,0.8,PT01,2,5,1,34,4
2015,21,117,221600,96790,0.04,1.3369,0.8,PT01,2,5,1,26,4
2015,21,211,50000,34592,0.0413,0.5289,0.28,PT01,2,5,2,68,5
2015,21,67,266000,114576,0.0388,1.68,0.8,PT01,2,5,1,34,5
2015,47,165,364000,78172,0.0388,1.165,0.8,PT01,2,7,1,59,5
2015,21,137,100000,92426,0.04,1.9707,0.69,PT01,2,5,1,37,5
2015,21,169,120000,72100,0.0425,1.5373,0.8,PT01,2,5,2,26,5
2015,21,37,244000,137600,0.0388,1.9006,0.8,PT06,2,5,1,60,5
2015,21,15,80800,50220,0.04,0.6936,0.8,PT06,1,5,2,56,5
2015,21,185,285000,85173,0.0413,1.3023,0.71,PT01,2,5,2,36,5
2015,21,227,135000,53882,0.0388,0.9355,0.76,PT01,2,5,1,34,5
2015,21,37,141500,72000,0.04,0.9945,0.8,PT01,1,5,1,34,5
2015,24,47,140000,81618,0.0413,1.2595,0.59,PT02,2,5,2,52,5
2015,21,111,417000,372201,0.0388,5.6911,0.51,PT01,2,5,1,51,5
2015,21,235,100000,43000,0.04,0.9168,0.5,PT01,2,5,1,44,5
2015,21,199,108000,42900,0.04,0.9147,0.8,PT01,2,5,1,43,5
2015,47,37,191200,63342,0.04,0.944,0.8,PT06,2,5,2,62,4
2015,21,101,220000,111325,0.0388,1.7180000000000002,0.8,PT01,2,5,2,29,5
2015,12,91,286650,138420,0.0388,2.1198,0.65,PT02,2,5,1,38,5
2015,21,111,212000,120016,0.04,1.8351,0.8,PT01,2,5,1,28,4
2015,21,37,206400,124630,0.0325,1.7214,0.8,PT01,2,5,2,31,5
2015,21,227,171200,43000,0.04,0.7465,0.8,PT02,2,5,1,30,4
2015,47,117,175200,49595,0.0413,1.0376,0.8,PT01,1,5,2,47,5
2015,21,67,67750,91140,0.0313,1.3364,0.42,PT01,2,5,2,58,5
2015,21,67,190000,141000,0.0313,2.0674,0.71,PT02,1,5,1,28,5
2015,21,209,207600,61356,0.0325,0.8996,0.8,PT01,1,5,1,62,5
2015,21,67,83200,54684,0.0325,0.8018,0.75,PT01,1,5,1,59,5
2015,21,181,100000,55092,0.0325,1.1747,0.71,PT01,2,5,1,30,5
2015,21,67,80000,49920,0.0325,0.732,0.62,PT06,1,5,1,24,4
2015,21,117,82500,85620,0.0325,1.1826,0.64,PT01,1,5,1,42,3
2015,21,37,81350,65707,0.0325,0.9076,0.75,PT01,1,5,1,27,5
2015,21,117,67200,170019,0.04,2.3483,0.8,PT01,1,5,2,31,5
2015,21,167,129600,93600,0.0413,1.9957,0.8,PT01,2,5,1,36,5
2015,21,21,132000,129480,0.04,2.7608,0.8,PT01,1,5,2,26,4
2015,21,37,164000,90924,0.04,1.2559,0.8,PT01,2,5,1,59,4
2015,21,117,184000,106008,0.04,1.4642,0.8,PT01,2,5,1,52,5
2015,21,117,128000,70776,0.0388,0.9776,0.8,PT01,2,5,1,43,5
2015,21,81,176800,81804,0.0388,1.1299,0.8,PT01,2,5,2,35,5
2015,21,117,81150,59245,0.0325,0.8183,0.85,PT06,2,5,1,53,3
2015,21,15,181900,86052,0.0388,1.1886,0.95,PT01,2,5,2,37,5
2015,21,151,200000,185184,0.0388,3.9485,0.49,PT02,2,5,1,58,5
2015,21,67,196000,60456,0.04,0.8865,0.8,PT01,2,5,2,39,5
2015,21,151,194500,76128,0.04,1.6232,0.8,PT01,2,5,2,33,5
2015,21,239,202000,111396,0.0388,1.6334,0.9,PT01,2,7,3,41,5
2015,21,67,213750,129600,0.04,1.9003,0.9,PT01,2,5,1,30,5
2015,21,117,260000,145000,0.0388,2.0028,0.8,PT01,2,5,1,30,5
2015,21,67,276000,87300,0.0388,1.2801,0.8,PT01,2,5,1,53,5
2015,21,67,286200,99348,0.0388,1.4567,0.9,PT01,2,5,1,37,5
2015,21,73,243000,102060,0.0388,2.1761,0.9,PT01,2,5,1,36,4
2015,21,239,290000,161400,0.04,2.3666,0.75,PT02,2,5,1,63,4
2015,21,67,287100,159552,0.0388,2.3395,0.9,PT01,2,5,1,41,5
2015,21,67,244600,80412,0.04,1.1791,0.95,PT02,2,5,2,32,5
2015,21,117,94050,34456,0.0363,0.4759,0.95,PT01,1,5,1,21,4
2015,21,125,200000,85169,0.0388,1.816,0.79,PT01,1,5,1,29,5
2015,21,73,184500,68316,0.0388,1.4566,0.9,PT01,2,5,2,39,5
2015,21,151,184900,95916,0.04,2.0451,0.95,PT01,2,3,1,43,4
2015,21,15,132000,113964,0.0313,1.5741,0.8,PT02,2,5,1,62,5
2015,21,179,152000,70164,0.04,1.496,0.8,PT01,2,5,2,45,5
2015,21,15,166300,87517,0.0363,1.2088,0.95,PT02,1,5,1,29,5
2015,21,151,143500,56040,0.0375,1.1949,0.9,PT01,1,5,2,32,5
2015,47,37,241857,80087,0.0338,1.1935,0.71,PT02,2,7,3,50,5
2015,21,67,148500,52212,0.0388,0.7656,0.9,PT01,1,2,2,26,5
2015,21,117,150000,63115,0.04,0.8718,0.39,PT01,2,5,1,67,5
2015,21,37,248000,119364,0.0388,1.6487,0.8,PT02,2,5,1,47,5
2015,21,209,192800,144000,0.0388,2.1114,0.8,PT02,1,5,1,28,4
2015,21,37,88200,23623,0.0375,0.3263,0.9,PT01,1,5,2,26,4
2015,21,37,132000,61600,0.04,0.8508,0.8,PT01,1,5,2,26,5
2015,21,117,168000,51732,0.0388,0.7145,0.8,PT01,1,2,1,36,5
2015,21,117,149000,60636,0.0388,0.8375,0.89,PT01,2,5,1,55,5
2015,21,111,380000,192222,0.0413,2.9392,0.8,PT01,2,5,1,44,4
2015,21,117,151000,111744,0.04,1.5434,0.37,PT01,2,5,1,76,5
2015,21,37,83000,41811,0.035,0.5775,0.74,PT06,1,5,2,26,5
2015,21,15,155000,72936,0.0388,1.0074,0.7,PT02,1,5,1,65,4
2015,21,117,135600,104454,0.04,1.4427,0.8,PT02,1,5,2,27,5
2015,21,15,173400,70108,0.04,0.9683,0.78,PT01,2,5,2,50,4
2015,21,117,122000,42000,0.04,0.5801,0.8,PT01,1,5,1,26,5
2015,21,209,70000,59580,0.0325,0.8736,0.54,PT01,2,5,1,48,5
2015,47,73,84000,37253,0.04,0.7192,0.8,PT01,2,5,1,61,5
2015,21,211,55000,32496,0.04,0.4969,0.71,PT06,2,5,2,63,5
2015,21,37,271920,195077,0.0388,2.6944,0.8,PT02,2,5,1,32,4
2015,21,179,198000,90708,0.0388,1.9341,0.8,PT01,2,5,1,42,5
2015,54,61,348000,271743,0.04,4.1487,0.8,PT01,2,5,2,39,5
2015,21,117,85600,45657,0.0388,0.6306,0.8,PT01,1,5,2,28,5
2015,37,119,317000,143854,0.0388,2.1796,0.85,PT01,1,5,1,30,5
2015,21,37,360000,181102,0.04,2.5014,0.8,PT01,2,5,1,33,5
2015,21,3,25000,25480,0.035,0.4424,0.34,PT01,2,5,2,27,5
2015,21,37,180900,127320,0.0388,1.7586,0.9,PT01,1,5,1,29,5
2015,21,19,63000,21736,0.0413,0.3923,0.8,PT01,2,5,1,33,5
2015,21,89,67500,31728,0.0425,0.5727,0.9,PT01,2,5,1,62,5
2015,21,37,70000,87468,0.0325,1.2081,0.57,PT06,2,5,1,67,5
2015,21,117,82800,77598,0.04,1.0718,0.8,PT06,1,5,1,42,5
2015,21,117,417000,275850,0.04,3.8101,0.59,PT02,2,5,1,54,4
2015,21,15,105600,85230,0.04,1.1772,0.8,PT01,2,5,2,47,5
2015,21,15,204000,140000,0.0388,1.9337,0.8,PT02,2,5,1,43,5
2015,21,15,202861,82697,0.0375,1.1422,0.79,PT01,2,3,1,52,4
2015,21,67,226400,152742,0.0388,2.2396,0.8,PT01,2,5,1,30,5
2015,21,211,212000,117554,0.04,1.7975,0.8,PT01,2,5,1,52,5
2015,47,189,294400,81408,0.04,1.2132,0.8,PT02,2,5,1,55,5
2015,47,37,217600,116000,0.0388,1.7288,0.8,PT01,1,7,1,29,4
2015,21,111,101600,47133,0.0413,0.7207,0.8,PT01,1,5,1,32,5
2015,47,147,282117,83011,0.04,1.2371,0.8,PT01,2,5,1,40,4
2015,21,209,114800,91704,0.0388,1.3446,0.8,PT02,2,5,1,38,5
2015,21,211,240000,132000,0.04,2.0183,0.8,PT01,2,5,1,41,3
2015,21,117,85000,46560,0.04,0.6431,0.74,PT06,1,5,2,52,5
2015,21,111,236000,60000,0.04,0.9174,0.95,PT01,1,5,1,28,4
2015,21,113,90000,105348,0.04,1.5447,0.44,PT01,2,5,1,39,5
2015,21,185,141600,75000,0.035,1.1468,0.8,PT01,2,5,1,30,4
2015,21,111,200000,60814,0.04,0.9299,0.63,PT01,2,5,1,32,5
2015,21,111,165000,103671,0.0388,1.5852,0.44,PT01,2,5,2,66,5
2015,21,15,223200,114792,0.04,1.5855,0.8,PT01,2,5,1,31,5
2015,21,211,285000,145043,0.04,2.2178,0.75,PT01,2,5,2,46,5
2015,21,47,200000,49730,0.04,0.8977,0.65,PT01,2,5,1,38,3
2015,21,67,67000,31554,0.0388,0.4627,0.41,PT01,2,5,2,63,5
2015,21,67,105600,106716,0.04,1.5648,0.8,PT01,2,5,1,45,4
2015,21,37,116000,33645,0.0388,0.4647,0.8,PT01,1,5,2,24,4
2015,21,169,52000,73119,0.0325,1.5590000000000002,0.8,PT01,2,5,2,49,5
2015,21,15,110500,102180,0.0388,1.4113,0.85,PT06,2,5,1,51,4
2015,21,117,96500,45660,0.0388,0.6307,0.85,PT01,2,5,1,57,5
2015,21,67,104800,77628,0.04,1.1382,0.8,PT02,2,5,1,44,5
2015,21,67,135600,64323,0.0388,0.9432,0.75,PT01,2,5,2,33,4
2015,21,117,59600,21540,0.0388,0.2975,0.8,PT04,1,5,1,41,5
2015,21,67,135000,66672,0.0388,0.9776,0.53,PT01,2,5,2,37,5
2015,21,67,96800,56700,0.0388,0.8314,0.8,PT01,1,5,1,31,5
2015,21,211,172000,252553,0.04,3.8617,0.9,PT01,2,5,1,32,4
2015,21,81,111000,91664,0.0388,1.2661,0.51,PT01,2,5,2,67,5
2015,21,103,152000,65172,0.04,0.9965,0.8,PT01,2,5,1,54,4
2015,21,67,130300,45000,0.0388,0.6598,0.8,PT01,1,2,1,27,5
2015,21,73,180000,53098,0.04,1.1322,0.82,PT01,2,5,1,39,5
2015,21,111,188337,83782,0.0413,1.2811,0.95,PT01,1,3,2,46,4
2015,21,117,78400,67756,0.04,0.9359,0.8,PT01,2,5,1,31,5
2015,21,117,129200,53040,0.04,0.7326,0.8,PT01,1,5,2,25,4
2015,21,111,114000,70000,0.04,1.0703,0.8,PT01,1,7,3,44,4
2015,21,111,280000,106862,0.04,1.634,0.8,PT01,1,5,1,32,4
2015,21,37,156000,92784,0.0388,1.2815,0.8,PT01,1,5,1,32,5
2015,21,209,193000,121440,0.04,1.7806,0.73,PT02,2,5,2,42,5
2015,21,137,140000,64188,0.04,1.3686,0.8,PT01,2,5,1,28,5
2015,21,151,222400,144432,0.04,3.0796,0.8,PT01,2,5,2,37,5
2015,21,67,127500,40560,0.04,0.5947,0.75,PT01,2,5,2,51,5
2015,21,15,220000,67020,0.0388,0.9257,0.79,PT01,2,5,2,44,5
2015,21,15,113600,108132,0.04,1.4935,0.8,PT01,2,5,1,38,5
2015,21,37,125600,61620,0.0388,0.8511,0.8,PT01,2,5,2,71,4
2015,21,15,80000,22048,0.04,0.3045,0.62,PT01,2,7,3,52,5
2015,21,127,140000,47484,0.0413,1.0125,0.8,PT01,2,5,2,43,4
2015,47,189,150000,90000,0.0413,1.3413,0.94,PT01,2,5,1,57,4
2015,21,15,233400,80268,0.04,1.1087,0.8,PT02,2,5,1,34,5
2015,21,117,197500,83520,0.0388,1.1536,0.8,PT01,1,5,2,40,5
2015,21,15,79200,43332,0.04,0.5985,0.8,PT06,1,5,1,26,4
2015,21,15,160850,66972,0.04,0.925,0.75,PT02,1,5,1,35,5
2015,21,15,116000,36072,0.04,0.4982,0.8,PT01,1,5,1,25,4
2015,21,15,52400,38418,0.04,0.5306,0.8,PT06,1,5,1,46,5
2015,21,67,115400,24684,0.0388,0.3619,0.7,PT02,1,2,2,28,4
2015,21,111,99920,46000,0.04,0.7034,0.8,PT01,1,5,1,34,4
2015,45,13,409500,501203,0.0388,7.4806,0.7,PT02,2,5,1,42,3
2015,21,185,254400,67635,0.0413,1.0342,0.8,PT01,2,5,1,63,5
2015,21,101,115425,44187,0.0438,0.6819,0.95,PT01,2,5,1,39,4
2015,47,37,161600,121632,0.0388,1.8127,0.8,PT01,2,5,1,59,5
2015,47,21,189050,85736,0.0388,1.2777,0.95,PT01,2,5,1,35,5
2015,21,15,49000,90876,0.04,1.2552,0.72,PT06,2,5,1,74,5
2015,47,179,142000,108139,0.04,2.0637,0.8,PT01,2,5,1,60,4
2015,21,15,235750,76320,0.04,1.0541,0.8,PT02,2,5,1,31,4
2015,47,165,272000,132912,0.0388,1.9808,0.8,PT01,2,5,1,37,5
2015,21,37,259250,135288,0.04,1.8686,0.85,PT01,2,5,1,41,5
2015,21,117,251200,185244,0.0388,2.5586,0.8,PT01,2,5,2,33,5
2015,21,67,223000,112476,0.0388,1.6492,0.95,PT01,1,5,1,27,4
2015,21,209,270750,147696,0.04,2.1656,0.95,PT01,2,5,1,41,5
2015,21,117,149900,90384,0.0388,1.2484,0.75,PT01,2,5,2,50,4
2015,21,15,180000,44684,0.0388,0.6172,0.8,PT01,1,5,1,29,5
2015,21,117,60000,70000,0.0325,0.9669,0.31,PT01,2,5,1,40,5
2015,21,67,130800,34992,0.0388,0.5131,0.8,PT01,1,5,1,31,5
2015,21,67,131700,35160,0.04,0.5155,0.85,PT01,2,2,1,35,5
2015,21,111,164800,71400,0.0388,1.0917,0.8,PT01,1,5,1,53,5
2015,21,163,253600,147920,0.0388,2.546,0.8,PT01,2,5,1,31,5
2015,21,37,96400,49287,0.0388,0.6808,0.75,PT06,2,5,2,69,5
2015,21,117,137900,50000,0.0413,0.6906,0.76,PT02,1,2,1,25,3
2015,47,163,331000,232502,0.0325,4.4885,0.8,PT01,1,2,1,37,4
2015,47,165,165774,109302,0.0325,1.6289,0.68,PT02,2,5,1,45,5
2015,47,37,165028,89544,0.0388,1.3345,0.64,PT02,2,5,2,51,4
2015,21,73,121200,88764,0.0413,1.8926,0.8,PT01,1,5,2,28,5
2015,21,185,262240,171095,0.0413,2.6161,0.8,PT02,2,5,1,46,3
2015,21,67,210700,111012,0.04,1.6277,0.75,PT02,2,5,1,37,5
2015,21,101,118400,77903,0.0425,1.2022,0.8,PT01,2,5,1,30,4
2015,21,67,247400,165204,0.04,2.4223,0.9,PT01,2,5,1,35,4
2015,21,37,129750,85464,0.04,1.1804,0.75,PT04,2,5,1,36,5
2015,21,111,170000,152400,0.0388,2.3303,0.52,PT01,2,5,1,46,4
2015,21,15,245424,75000,0.0388,1.0359,0.8,PT02,2,5,1,27,5
2015,21,111,90000,110724,0.0338,1.693,0.25,PT01,2,5,1,52,5
2015,47,37,156750,63342,0.0388,0.944,0.75,PT06,2,5,2,62,4
2015,21,211,218000,60879,0.04,0.9309,0.75,PT01,2,5,1,64,5
2015,47,189,181200,81475,0.0388,1.2142,0.8,PT01,2,5,1,73,4
2015,21,9,148000,62004,0.0413,1.3219999999999998,0.8,PT01,2,5,1,41,5
2015,21,117,160000,81603,0.0413,1.1271,0.8,PT01,2,2,2,51,3
2015,45,51,208000,295000,0.0363,5.5243,0.8,PT01,2,5,1,32,5
2015,47,157,240000,95000,0.04,1.5728,0.8,PT02,2,5,1,49,5
2015,47,149,208000,82388,0.0388,1.2278,0.8,PT01,2,5,1,33,3
2015,21,117,175200,106534,0.0388,1.4715,0.8,PT01,2,5,2,30,5
2015,21,15,180000,118440,0.0388,1.6359,0.8,PT02,2,3,1,39,4
2015,21,37,157000,82296,0.04,1.1367,0.6,PT01,1,5,3,27,4
2015,21,117,135200,46920,0.0388,0.6481,0.8,PT01,2,5,2,37,5
2015,21,111,340000,157416,0.0388,2.407,0.8,PT01,2,5,1,39,5
2015,21,151,74000,66043,0.0325,1.4082,0.8,PT01,2,5,1,31,5
2015,21,37,236000,87976,0.0375,1.2151,0.8,PT01,2,5,1,52,4
2015,21,117,273680,92000,0.0388,1.2707,0.8,PT01,2,5,1,25,4
2015,21,185,124000,73979,0.0413,1.1312,0.89,PT01,2,5,1,34,5
2015,21,211,140000,83404,0.04,1.2753,0.59,PT01,2,5,1,48,4
2015,21,185,141000,71193,0.04,1.0886,0.55,PT01,2,5,1,39,4
2015,21,111,164000,73265,0.0388,1.1203,0.8,PT01,1,5,1,25,4
2015,21,179,147200,94607,0.0388,2.0172,0.8,PT01,2,5,1,65,5
2015,54,39,240000,127656,0.0388,2.1419,0.8,PT01,2,5,1,38,5
2015,21,15,247784,132535,0.04,1.8306,0.8,PT02,2,5,1,62,5
2015,21,15,154275,101698,0.0388,1.4047,0.85,PT06,2,5,1,60,4
2015,21,19,200000,75663,0.0388,1.3658,0.73,PT01,2,5,1,32,4
2015,21,117,85000,136785,0.035,1.8893,0.38,PT06,2,5,1,67,4
2015,21,111,244800,80850,0.04,1.2362,0.9,PT01,1,5,2,35,5
2015,47,163,313600,200976,0.04,3.8798,0.8,PT01,2,5,1,34,4
2015,47,189,225000,176694,0.0325,2.6333,0.6,PT01,2,5,1,50,5
2015,47,165,268800,120328,0.0388,1.7933,0.8,PT01,2,5,1,31,4
2015,47,165,202000,50980,0.0388,0.7598,0.8,PT01,1,7,1,33,4
2015,21,37,123250,48941,0.04,0.6759999999999999,0.85,PT01,2,5,1,33,5
2015,37,183,342000,180000,0.0388,2.2843,0.8,PT02,2,5,1,31,4
2015,21,111,32000,26520,0.0413,0.4055,0.35,PT01,1,5,1,28,5
2015,21,123,190000,83784,0.0388,1.4421,0.61,PT01,2,5,1,35,5
2015,12,9,148000,71388,0.0388,1.1533,0.8,PT01,2,7,3,56,5
2015,21,111,353000,180000,0.0388,2.7523,0.79,PT01,2,5,1,55,5
2015,21,211,74000,61138,0.04,0.9348,0.43,PT01,2,5,1,67,5
2015,47,37,115464,52020,0.0388,0.7753,0.8,PT01,2,5,1,30,5
2015,21,193,142500,95275,0.0388,2.0314,0.75,PT01,2,5,1,31,5
2015,54,83,180000,65081,0.0388,1.3309,0.8,PT01,1,5,1,24,4
2015,51,191,160400,125000,0.0388,2.4131,0.8,PT01,2,5,1,61,5
2015,47,189,220800,125088,0.0388,1.8642,0.8,PT02,2,7,1,31,3
2015,21,117,270400,100534,0.0375,1.3886,0.8,PT01,2,5,1,33,4
2015,21,111,188800,98859,0.0388,1.5116,0.8,PT01,2,5,1,27,5
2015,21,211,204000,59383,0.0388,0.908,0.8,PT01,2,5,1,38,4
2015,21,117,185600,66326,0.0388,0.9161,0.8,PT01,2,5,2,30,5
2015,21,37,199920,126267,0.0388,1.744,0.8,PT02,2,5,2,35,5
2015,21,111,156000,68590,0.0413,1.0488,0.8,PT01,2,5,2,53,4
2015,21,111,85000,39975,0.0375,0.6112,0.63,PT02,2,5,2,28,5
2015,21,111,196000,74235,0.0388,1.1351,0.8,PT01,2,5,1,32,4
2015,21,15,399000,154504,0.0388,2.134,0.8,PT02,2,5,1,35,5
2015,21,15,288000,130794,0.04,1.8065,0.9,PT02,1,5,1,35,5
2015,47,163,324800,110012,0.0388,2.1238,0.8,PT01,2,2,1,38,5
2015,47,163,150000,174888,0.0388,3.3762,0.69,PT01,2,5,1,57,4
2015,21,111,56000,49672,0.0325,0.7595,0.71,PT01,2,5,1,31,5
2015,21,111,415000,243111,0.0388,3.7173,0.71,PT01,2,5,1,48,4
2015,47,37,260000,251800,0.0413,3.7526,0.8,PT06,2,5,2,26,5
2015,47,165,299817,64695,0.0388,0.9642,0.95,PT02,2,5,1,31,5
2015,47,37,261165,102358,0.0388,1.5255,0.78,PT01,1,5,1,31,5
2015,21,29,63920,36421,0.0388,0.5569,0.8,PT01,2,5,2,51,5
2015,21,111,217800,149079,0.0388,2.2795,0.9,PT01,1,5,2,27,5
2015,21,111,208000,58076,0.0375,0.888,0.8,PT02,2,2,2,42,5
2015,21,73,55000,64608,0.0413,1.3776,0.53,PT01,2,5,1,38,5
2015,21,81,120000,113700,0.0313,1.5704,0.48,PT01,2,5,1,57,5
2015,47,187,417000,216986,0.0375,3.2338,0.53,PT02,2,5,1,33,5
2015,12,57,417000,140000,0.0363,2.3729,0.77,PT02,2,5,1,30,5
2015,21,111,187200,86919,0.0388,1.329,0.8,PT01,2,5,1,40,5
2015,21,151,147775,88405,0.0325,1.885,0.8,PT01,2,5,1,53,4
2015,21,15,390000,169992,0.0388,2.3480000000000003,0.7,PT02,2,5,1,44,5
2015,21,37,103500,45000,0.04,0.6215,0.9,PT01,1,5,1,30,4
2015,21,89,74800,31523,0.04,0.569,0.8,PT01,2,5,1,64,5
2015,21,67,107300,43416,0.0388,0.6366,0.66,PT06,2,5,2,29,5
2015,21,73,215600,83040,0.04,1.7706,0.95,PT01,2,5,1,37,5
2015,21,111,113050,63657,0.04,0.9733,0.85,PT01,1,5,1,35,3
2015,21,21,178000,68148,0.0375,1.453,0.8,PT01,2,5,1,46,5
2015,21,67,95000,55044,0.04,0.8071,0.95,PT01,2,5,1,45,4
2015,21,113,146000,51792,0.0388,0.7594,0.8,PT01,2,5,1,35,5
2015,21,117,178200,93492,0.0388,1.2913,0.9,PT01,2,5,2,23,4
2015,21,117,382500,183156,0.04,2.5298,0.9,PT01,1,5,1,33,5
2015,21,37,128800,89149,0.04,1.2313,0.8,PT01,1,5,1,34,3
2015,21,117,289600,164496,0.0388,2.272,0.8,PT01,2,5,2,35,5
2015,21,73,79000,29448,0.0388,0.6279,0.72,PT01,1,5,2,60,5
2015,21,37,86800,35880,0.04,0.4956,0.8,PT01,1,5,2,32,5
2015,21,117,61500,27036,0.0388,0.3734,0.8,PT01,2,5,1,53,5
2015,21,111,247500,94681,0.0425,1.4477,0.9,PT01,1,5,1,26,4
2015,21,49,210000,133785,0.0413,1.9617,0.94,PT01,2,7,3,54,5
2015,21,29,91400,60282,0.0413,0.9217,0.89,PT01,2,5,2,59,5
2015,21,67,118000,106808,0.0375,1.5661,0.8,PT02,1,5,1,31,4
2015,47,47,266234,96816,0.04,1.6029,0.76,PT02,2,5,1,69,5
2015,47,149,300000,90648,0.0388,1.3509,0.61,PT01,2,5,1,67,5
2015,21,15,198320,100606,0.04,1.3896,0.8,PT02,2,7,3,67,4
2015,21,117,211200,95000,0.04,1.3122,0.8,PT02,2,5,1,34,5
2015,21,37,120000,76811,0.0375,1.0609,0.38,PT02,2,5,1,67,5
2015,47,37,252850,157000,0.0388,2.3398,0.8,PT01,2,5,1,48,5
2015,21,19,74000,32885,0.04,0.5936,0.76,PT01,2,5,1,53,5
2015,47,189,303600,178366,0.0375,2.6582,0.8,PT02,2,5,1,45,5
2015,21,37,70560,50094,0.04,0.6919,0.8,PT06,1,5,2,25,4
2015,47,37,214572,68822,0.0375,1.0257,0.73,PT01,2,7,1,74,5
2015,47,165,270159,89721,0.0375,1.3371,0.9,PT01,2,5,1,39,5
2015,21,15,61715,26264,0.0375,0.3628,0.34,PT06,2,5,2,48,4
2015,21,193,300000,232046,0.03,4.9477,0.79,PT01,2,5,1,62,5
2015,12,115,180000,132000,0.0313,2.1188,0.75,PT06,2,5,1,65,5
2015,21,43,105000,87231,0.04,1.8599,0.8,PT01,2,5,1,65,5
2015,21,101,63175,26815,0.0413,0.4138,0.95,PT01,2,5,2,21,5
2015,21,101,63000,41832,0.0363,0.6456,0.56,PT01,2,5,1,60,3
2015,21,151,113200,58761,0.0388,1.2529,0.8,PT01,2,5,1,72,5
2015,21,111,92000,41831,0.04,0.6396,0.8,PT01,1,3,1,26,4
2015,37,183,180000,61592,0.0375,0.7816,0.8,PT01,2,5,3,32,4
2015,54,29,35000,52198,0.0388,0.983,0.8,PT01,2,5,1,35,5
2015,47,163,65600,66456,0.0325,1.2829,0.8,PT01,2,5,1,52,5
2015,51,107,390000,101797,0.035,0.9305,0.67,PT02,2,5,3,49,5
2015,21,117,103840,79608,0.04,1.0996,0.8,PT06,1,5,1,24,4
2015,21,117,271200,212535,0.04,2.9356,0.8,PT01,2,5,1,61,5
2015,12,81,280000,185112,0.0388,2.9713,0.8,PT02,2,5,1,86,5
2015,21,37,85000,129389,0.0325,1.7871,0.32,PT01,2,5,1,54,5
2015,21,85,94000,39372,0.0413,0.8395,0.8,PT01,2,5,1,52,3
2015,47,37,157700,122867,0.0313,1.8311,0.44,PT02,2,5,1,56,5
2015,21,15,267091,103251,0.0388,1.4261,0.8,PT02,2,5,1,34,3
2015,21,15,202160,89655,0.0375,1.2383,0.8,PT02,2,5,1,36,4
2015,13,121,220000,118000,0.04,1.669,0.69,PT01,2,5,1,53,3
2015,21,117,142000,65139,0.0388,0.8997,0.74,PT01,2,5,1,58,5
2015,21,15,206000,67746,0.03,0.9357,0.8,PT02,2,5,2,41,5
2015,21,15,200000,155964,0.0375,2.1542,0.63,PT02,2,5,1,58,5
2015,21,89,114400,229977,0.0363,4.1512,0.8,PT01,2,5,2,27,5
2015,21,211,417000,193708,0.0375,2.9619,0.8,PT01,2,5,1,34,5
2015,47,157,417000,292845,0.0413,4.8484,0.7,PT02,2,5,2,31,4
2015,21,73,299250,149688,0.0413,3.1916,0.95,PT01,2,5,1,45,4
2015,21,117,192532,99340,0.0375,1.3721,0.8,PT02,2,5,1,29,5
2015,21,117,90400,82326,0.04,1.1371,0.8,PT06,2,5,2,48,4
2015,21,211,235600,170299,0.0375,2.604,0.8,PT01,2,5,1,35,5
2015,45,91,206400,136296,0.0375,1.9897,0.8,PT01,2,5,2,99,5
2015,12,71,279485,130500,0.0375,2.2895,0.8,PT07,2,5,1,42,4
2015,47,37,80000,46916,0.0325,0.6992,0.25,PT01,2,5,2,29,5
2015,24,27,465120,193068,0.0425,2.3122,0.8,PT01,2,5,1,41,5
2015,51,59,590000,267636,0.0388,2.4989,0.79,PT07,2,7,1,54,5
2015,51,13,620000,152916,0.04,1.4278,0.77,PT01,2,7,1,48,5
2015,37,97,395000,113100,0.0413,1.7267,0.8,PT07,2,5,1,50,4
2015,51,107,73000,26796,0.04,0.2502,0.22,PT07,2,2,2,22,4
2015,24,31,445500,89628,0.0413,0.8053,0.9,PT01,1,7,3,99,5
2015,51,59,625500,214476,0.0425,2.0026,0.83,PT07,2,5,1,99,5
2015,51,13,593800,221964,0.0388,2.0725,0.8,PT01,2,7,1,36,4
2015,51,107,480000,255012,0.0413,2.3811,0.8,PT07,2,5,2,33,5
2015,24,31,512993,116000,0.0413,1.0422,0.9,PT07,1,2,1,99,5
2015,51,107,582750,306804,0.0325,2.8647,0.9,PT01,2,5,1,99,4
2015,51,107,539000,147504,0.0425,1.3773,0.9,PT01,1,5,2,99,5
2015,54,3,202500,76872,0.04,1.2106,0.9,PT07,2,5,1,99,5
2015,51,13,581600,192492,0.0388,1.7973,0.8,PT01,2,5,2,30,4
2015,51,59,578700,246936,0.0413,2.3057,0.8,PT07,2,5,1,36,5
2015,51,59,490000,173424,0.0425,1.6193,0.8,PT07,2,5,1,42,5
2015,21,233,107500,74256,0.0388,1.6178,0.73,PT01,2,5,1,60,5
2015,51,107,594000,212868,0.04,1.9876,0.9,PT07,2,7,1,99,4
2015,24,31,615200,259032,0.0425,2.3273,0.8,PT01,1,5,1,39,5
2015,24,35,405000,97968,0.0388,1.1733,0.75,PT07,1,5,1,49,5
2015,51,13,625500,262632,0.0413,2.4522,0.57,PT01,2,5,1,53,5
2015,51,510,488000,164184,0.0413,1.533,0.8,PT01,2,5,1,45,5
2015,51,59,564000,236292,0.04,2.2063,0.8,PT07,2,5,1,33,5
2015,51,107,491800,115008,0.0425,1.0738,0.8,PT07,1,2,1,32,4
2015,51,59,605000,146328,0.04,1.3663,0.76,PT01,2,5,1,38,5
2015,51,107,535932,108000,0.04,1.0084,0.8,PT07,2,2,1,35,5
2015,51,59,460000,177516,0.04,1.6575,0.8,PT07,2,5,1,51,5
2015,51,107,539300,130992,0.04,1.2231,0.8,PT07,2,2,1,39,5
2015,51,107,594841,197604,0.0425,1.845,0.9,PT07,2,2,1,99,5
2015,37,129,156750,133920,0.0413,2.0540000000000003,0.95,PT01,2,5,1,32,4
2015,51,510,485600,162000,0.0438,1.5126,0.8,PT01,2,5,2,65,5
2015,51,107,534096,139488,0.0413,1.3024,0.8,PT07,2,2,1,29,4
2015,51,153,510000,174192,0.0413,1.6264,0.73,PT07,2,5,2,52,4
2015,51,59,528000,212676,0.0388,1.9858,0.8,PT07,2,7,1,36,5
2015,51,59,420300,214956,0.0425,2.0071,0.9,PT07,2,7,1,99,4
2015,37,81,335000,416004,0.0388,7.55,0.8,PT01,2,5,1,54,5
2015,51,59,588000,392784,0.0388,3.6675,0.41,PT01,2,7,1,48,5
2015,51,59,496000,201816,0.0413,1.8844,0.8,PT07,2,5,2,31,5
2015,24,31,464000,127500,0.0413,1.1456,0.8,PT01,1,5,2,37,5
2015,24,27,423200,130608,0.0413,1.5642,0.8,PT07,2,5,2,52,5
2015,51,510,436000,145332,0.0388,1.357,0.8,PT01,2,5,2,45,4
2015,45,19,157605,82644,0.0388,1.3351,0.95,PT01,2,5,1,30,5
2015,12,21,448500,274992,0.0388,4.3719,0.59,PT01,2,5,1,57,5
2015,24,31,562500,140580,0.0438,1.2631,0.9,PT01,2,5,1,99,3
2015,51,107,579992,239748,0.0413,2.2385,0.8,PT07,1,5,2,34,4
2015,24,31,380000,122100,0.04,1.097,0.8,PT01,2,5,1,34,5
2015,12,15,152000,186132,0.0363,3.3417,0.8,PT01,2,5,1,60,4
2015,51,153,422256,204816,0.04,1.9124,0.75,PT07,2,7,1,46,4
2015,24,31,552000,110004,0.0388,0.9884,0.8,PT07,2,5,1,33,5
2015,21,111,315000,312588,0.0363,4.869,0.48,PT01,2,5,1,36,5
2015,51,107,496920,240516,0.0388,2.2457,0.8,PT07,2,2,1,44,5
2015,21,111,85500,63058,0.0388,0.9822,0.95,PT01,2,5,2,99,5
2015,51,107,448000,190128,0.0413,1.7752,0.8,PT07,2,7,3,45,5
2015,21,101,45000,52524,0.0388,0.8258,0.9,PT01,2,5,1,48,3
2015,51,107,492000,291600,0.04,2.7227,0.8,PT07,2,2,1,41,4
2015,51,59,449100,133536,0.0413,1.2468,0.9,PT07,2,7,1,99,4
2015,47,187,286480,100656,0.035,1.5344,0.8,PT01,2,5,2,28,4
2015,12,57,235600,108605,0.0363,1.8921,0.8,PT01,2,7,3,99,5
2015,51,59,549000,125004,0.0413,1.1672,0.9,PT01,2,7,1,99,5
2015,24,31,393750,79080,0.0375,0.7105,0.75,PT01,1,5,1,24,4
2015,24,31,487200,189516,0.0363,1.7027,0.8,PT01,2,7,1,35,5
2015,13,121,180000,60696,0.0363,0.8658,0.8,PT06,2,5,1,36,5
2015,51,107,438000,141192,0.0375,1.3183,0.8,PT07,2,5,1,46,4
2015,51,610,625500,410004,0.0375,3.8282,0.9,PT01,2,5,1,99,5
2015,51,59,504000,139788,0.0375,1.3052,0.9,PT01,2,5,1,99,5
2015,51,59,625500,221832,0.04,2.0713,0.54,PT07,2,5,1,68,4
2015,51,107,516000,150528,0.0388,1.4055,0.8,PT07,2,5,1,41,4
2015,24,31,328000,173000,0.0375,1.5544,0.8,PT01,2,5,1,33,5
2015,51,59,456000,96480,0.0413,0.9008,0.8,PT01,2,5,1,40,4
2015,51,59,512000,171840,0.0375,1.6045,0.8,PT07,1,5,1,32,4
2015,51,59,594000,135960,0.0388,1.2695,0.9,PT01,1,5,1,54,5
2015,12,111,141500,64992,0.0413,1.1422,0.74,PT06,2,5,2,59,4
2015,47,187,417000,181476,0.0338,2.7664,0.71,PT01,2,5,1,43,5
2015,13,297,114950,41496,0.0413,0.5920000000000001,0.95,PT01,1,2,1,99,3
2015,24,31,494100,185004,0.0388,1.6622,0.9,PT07,1,3,1,99,5
2015,21,15,148000,109272,0.0363,1.5369,0.8,PT07,2,5,1,33,5
2015,51,13,448000,314028,0.0375,2.9321,0.8,PT06,2,2,2,42,5
2015,51,59,560700,211692,0.0413,1.9766,0.9,PT01,2,5,2,99,5
2015,51,59,548100,127224,0.04,1.1879,0.9,PT01,1,2,2,99,5
2015,51,59,580000,220056,0.0375,2.0547,0.8,PT07,2,5,1,34,5
2015,51,510,505000,222036,0.0388,2.0732,0.8,PT01,2,2,2,56,5
2015,51,153,583600,157092,0.04,1.4668,0.9,PT07,2,5,1,99,5
2015,51,59,572496,277716,0.0363,2.5385,0.8,PT01,2,2,1,42,4
2015,51,59,584000,166320,0.0363,1.5529,0.8,PT07,2,7,1,44,5
2015,51,510,506250,295620,0.0363,2.7602,0.75,PT01,2,7,1,40,5
2015,51,13,612000,222228,0.0363,2.0313,0.8,PT01,1,5,2,31,5
2015,21,101,279600,70932,0.035,1.0946,0.8,PT01,2,5,2,31,5
2015,13,139,275000,100764,0.0275,1.66,0.79,PT07,2,5,1,76,4
2015,51,107,594000,216684,0.04,1.9807,0.9,PT07,2,2,1,99,5
2015,24,31,531000,257832,0.0413,2.242,0.9,PT01,2,5,1,99,5
2015,51,59,556000,267876,0.0363,2.4486,0.8,PT01,2,5,1,32,5
2015,37,179,417000,194520,0.0363,2.9473,0.73,PT07,2,2,1,44,5
2015,24,27,460000,231948,0.0388,2.5887,0.8,PT01,2,5,1,38,5
2015,24,31,427500,140748,0.0413,1.2239,0.9,PT01,2,5,1,99,5
2015,51,59,519910,297024,0.0375,2.715,0.8,PT01,2,7,1,37,5
2015,51,13,592000,149412,0.035,1.3657,0.8,PT01,2,5,1,31,5
2015,12,71,277600,120380,0.0375,2.0899,0.8,PT01,2,5,1,56,5
2015,51,107,599850,335172,0.0363,3.0637,0.75,PT07,2,2,2,43,5
2015,51,59,560000,131676,0.0388,1.2036,0.8,PT01,2,5,1,34,5
2015,21,111,400000,199992,0.0363,3.0580000000000003,0.8,PT01,1,5,1,40,5
2015,24,13,517500,200028,0.0388,2.2325,0.8,PT07,2,7,1,35,4
2015,54,3,162000,54960,0.0363,0.8404,0.77,PT07,2,5,1,75,5
2015,51,59,432000,130008,0.0363,1.1884,0.9,PT01,2,5,1,99,5
2015,51,59,625500,188208,0.0375,1.7204,0.75,PT01,2,5,1,35,5
2015,24,31,473600,174996,0.0388,1.5217,0.8,PT01,1,5,1,37,5
2015,51,59,493600,112920,0.04,1.0322,0.8,PT07,2,7,1,67,5
2015,37,183,415000,172608,0.0363,2.1905,0.69,PT01,2,5,1,59,4
2015,24,27,517500,274068,0.0375,3.0588,0.78,PT07,2,7,2,34,5
2015,24,31,625500,252540,0.0375,2.196,0.79,PT01,2,7,2,51,4
2015,51,69,131750,85140,0.0375,1.1217,0.85,PT07,2,5,1,99,4
2015,24,31,581520,159756,0.035,1.3892,0.8,PT01,2,5,2,37,5
2015,51,59,526400,253548,0.0375,2.3176,0.8,PT07,2,5,1,32,5
2015,51,13,505000,102036,0.0388,0.9327,0.73,PT01,2,5,2,61,5
2015,37,179,137750,50004,0.0388,0.7576,0.95,PT01,2,7,3,36,5
2015,45,51,116000,349548,0.0388,6.5458,0.8,PT07,2,5,2,99,4
2015,51,87,324800,96588,0.035,1.2447,0.8,PT07,1,7,3,36,5
2015,24,31,450000,184752,0.0375,1.6065,0.67,PT01,2,7,2,40,5
2015,51,610,625000,405420,0.0313,3.7059,0.64,PT01,2,5,1,43,5
2015,21,111,346750,162612,0.0375,2.4864,0.95,PT01,2,5,1,36,5
2015,47,65,417000,130752,0.0375,2.2161,0.8,PT01,2,5,2,34,4
2015,24,31,440000,106529,0.0375,0.9263,0.45,PT07,2,5,2,55,5
2015,21,37,142200,86508,0.0388,1.1949,0.9,PT01,2,5,1,30,4
2015,51,13,625500,177024,0.0375,1.6181,0.68,PT01,2,7,1,49,4
2015,21,101,151820,86112,0.0363,1.3289,0.8,PT01,2,5,1,28,3
2015,24,31,625500,276516,0.0375,2.4045,0.47,PT01,2,5,1,45,5
2015,21,111,270000,113360,0.0375,1.7333,0.45,PT01,2,7,3,99,5
2015,51,59,565000,247200,0.0388,2.2596,0.72,PT07,2,5,1,38,5
2015,51,13,449250,117672,0.0388,1.0756,0.75,PT01,2,7,2,35,5
2015,51,107,485091,170352,0.0388,1.5571,0.9,PT07,2,5,1,99,5
2015,12,129,89100,51392,0.0388,0.7894,0.9,PT01,2,5,1,62,5
2015,24,3,441600,155124,0.0375,1.7313,0.8,PT07,2,5,1,31,5
2015,47,65,300000,535152,0.03,9.0704,0.55,PT06,2,5,1,30,5
2015,13,121,150000,88500,0.0388,1.2518,0.8,PT06,2,5,2,29,5
2015,12,86,385000,68868,0.0363,1.3801,0.8,PT01,2,5,2,39,5
2015,24,31,625500,278352,0.0375,2.4205,0.63,PT01,2,5,2,46,5
2015,51,13,528300,173004,0.0438,1.5814,0.9,PT01,1,5,1,30,4
2015,12,113,183000,100646,0.0388,1.59,0.77,PT01,2,5,1,50,5
2015,12,73,100000,65000,0.03,0.9985,0.37,PT01,1,2,2,56,5
2015,21,111,278000,81948,0.0363,1.253,0.8,PT01,2,5,1,36,5
2015,21,111,58000,34331,0.0388,0.5249,0.8,PT06,2,5,1,99,5
2015,37,129,178600,79992,0.0425,1.1921,0.95,PT01,2,5,1,99,5
2015,12,113,90000,31616,0.04,0.4995,0.7,PT01,2,5,2,53,5
2015,24,31,488000,172746,0.0413,1.5021,0.8,PT07,1,7,3,29,5
2015,12,109,202000,98244,0.04,1.5519999999999998,0.63,PT01,2,5,2,43,5
2015,13,135,199520,49500,0.0388,0.7001,0.8,PT01,1,2,2,32,5
2015,13,139,280000,127488,0.0375,2.1003,0.8,PT01,2,5,2,47,5
2015,24,31,528000,309276,0.0413,2.6894,0.8,PT07,1,7,3,33,5
2015,24,27,426600,177245,0.045,1.9782,0.9,PT01,2,5,1,53,4
2015,24,31,295200,301465,0.0388,2.6214,0.8,PT01,1,5,1,37,5
2015,24,21,278100,135192,0.045,1.1756,0.9,PT01,2,5,2,49,4
2015,24,27,388000,150387,0.0413,1.6784,0.8,PT01,2,5,1,39,4
2015,24,27,517500,134817,0.0375,1.5047,0.69,PT01,2,5,1,33,4
2015,24,31,410000,148512,0.0375,1.2914,0.55,PT07,2,5,1,43,5
2015,12,85,217000,153960,0.0313,2.8886,0.75,PT01,2,5,1,99,5
2015,12,73,126800,50468,0.04,0.7752,0.8,PT07,2,5,2,30,5
2015,12,73,377600,167800,0.0388,2.5776,0.8,PT07,2,5,1,35,4
2015,12,115,65000,40140,0.0363,0.6443,0.38,PT06,2,5,2,71,5
2015,45,7,143600,81432,0.0413,1.462,0.8,PT01,2,5,1,68,5
2015,24,3,431200,131952,0.0388,1.4727,0.8,PT01,2,5,1,30,4
2015,51,59,232000,387000,0.0413,3.5375,0.8,PT06,1,5,2,58,5
2015,37,119,160000,65631,0.0388,0.9944,0.8,PT06,1,5,1,27,3
2015,21,101,209000,108355,0.04,1.6721,0.86,PT01,2,5,1,34,5
2015,21,101,168300,70752,0.04,1.0919,0.9,PT01,2,5,1,32,4
2015,21,101,71250,42048,0.0413,0.6489,0.95,PT01,2,5,1,33,5
2015,24,13,417000,178404,0.04,1.9911,0.78,PT01,2,5,1,28,5
2015,21,59,154400,91415,0.04,1.5898,0.8,PT01,2,5,1,43,5
2015,21,67,112500,38940,0.0425,0.5710000000000001,0.9,PT01,1,5,1,29,5
2015,1,89,257000,107736,0.04,1.4365,0.9,PT01,2,5,1,34,5
2015,47,37,244000,104544,0.04,1.558,0.8,PT01,2,5,1,38,4
2015,12,111,92000,29796,0.0388,0.5589999999999999,0.8,PT01,2,5,1,74,5
2015,21,113,249375,181688,0.0425,2.664,0.95,PT01,2,5,1,31,5
2015,24,31,625500,230580,0.0425,2.005,0.66,PT07,2,5,1,37,5
2015,12,103,308500,129996,0.04,2.2033,0.78,PT01,2,5,1,60,5
2015,21,101,266000,104124,0.0388,1.6069,0.8,PT07,2,5,1,37,4
2015,21,185,417000,129996,0.04,1.9877,0.7,PT01,1,2,2,34,4
2015,12,81,273684,75180,0.0338,1.2067,0.8,PT07,2,5,2,42,5
2015,51,59,580500,249948,0.0425,2.2847,0.9,PT07,2,5,1,57,5
2015,21,59,75000,80646,0.0413,1.4025,0.3,PT01,2,5,1,63,5
2015,12,69,152000,59149,0.0413,1.0146,0.8,PT01,2,7,3,99,5
2015,21,59,76800,56106,0.04,0.9757,0.8,PT01,2,5,1,29,4
2015,21,59,115000,26000,0.04,0.4522,0.68,PT01,2,5,2,48,5
2015,12,86,322400,135000,0.04,2.7054,0.8,PT01,1,5,2,41,5
2015,21,111,92000,74652,0.0325,1.1415,0.8,PT06,2,5,1,27,4
2015,12,17,76000,40104,0.0413,0.8286,0.8,PT01,2,5,1,99,5
2015,21,101,72000,30888,0.0388,0.4767,0.8,PT01,2,5,1,28,4
2015,12,21,228000,159900,0.04,2.4045,0.8,PT06,2,5,1,57,5
2015,21,59,126200,27040,0.04,0.4703,0.8,PT07,2,5,2,29,5
2015,51,107,619200,301896,0.0413,2.7596,0.9,PT07,2,5,1,51,4
2015,21,101,239500,90376,0.04,1.3947,0.8,PT01,2,5,1,32,5
2015,12,33,100000,28294,0.0375,0.447,0.51,PT01,2,3,1,71,5
2015,12,11,417000,266937,0.04,4.217,0.58,PT01,2,5,1,47,5
2015,21,59,133600,54756,0.0388,0.9523,0.8,PT07,2,5,1,30,5
2015,21,67,131500,68260,0.04,1.0009,0.87,PT01,2,5,1,28,4
2015,21,101,175500,94992,0.0388,1.4659,0.9,PT01,2,5,2,45,4
2015,24,13,165000,49176,0.0413,0.5488,0.75,PT01,1,5,2,25,3
2015,24,31,625500,315708,0.0388,2.7453,0.47,PT01,2,5,1,38,5
2015,51,171,95000,33888,0.0425,0.643,0.95,PT01,2,5,2,49,5
2015,51,107,542579,208194,0.0413,1.9031,0.75,PT01,2,7,2,99,4
2015,13,57,411750,234516,0.04,3.3171,0.9,PT07,2,5,1,32,4
2015,51,59,450000,200000,0.0438,1.8282,0.9,PT01,2,5,1,99,5
2015,37,183,417000,230364,0.0375,2.9234,0.65,PT01,2,5,1,59,4
2015,47,37,417000,99984,0.0438,1.4901,0.78,PT01,2,5,1,50,3
2015,37,81,242250,82788,0.04,1.5331,0.95,PT07,2,5,1,30,5
2015,51,107,585000,130416,0.0413,1.1921,0.89,PT07,2,7,1,51,5
2015,51,43,166500,38480,0.0413,0.3517,0.9,PT01,2,5,2,51,5
2015,51,59,516000,110000,0.0388,1.0055,0.8,PT01,2,5,2,32,4
2015,51,59,454750,282228,0.04,2.5798,0.85,PT01,2,5,2,46,5
2015,24,5,157500,45492,0.0413,0.5077,0.74,PT01,2,3,1,57,4
2015,12,33,185000,77733,0.0388,1.228,0.94,PT01,2,5,1,35,5
2015,21,15,217600,101200,0.0388,1.3978,0.8,PT07,2,5,1,99,5
2015,12,31,228000,107436,0.0425,1.5964,0.8,PT01,1,5,2,26,3
2015,12,115,150000,87551,0.0375,1.4616,0.22,PT07,2,5,2,59,5
2015,51,59,608000,284808,0.0338,2.6945,0.8,PT01,2,5,1,57,3
2015,12,11,85600,35364,0.0425,0.5649,0.83,PT07,2,7,1,27,3
2015,51,107,588000,223716,0.04,2.1165,0.8,PT07,2,2,2,37,4
2015,24,27,517500,260532,0.0375,3.0436,0.77,PT07,2,2,2,37,5
2015,24,31,532000,195000,0.0375,1.7196,0.8,PT07,1,5,1,39,5
2015,51,59,351900,120000,0.0375,1.1353,0.8,PT07,1,5,1,28,5
2015,51,13,319920,100000,0.0375,0.9461,0.8,PT11,1,5,2,35,5
2015,12,15,200000,55044,0.0363,0.9865,0.52,PT01,2,7,3,68,5
2015,51,59,527200,211200,0.0413,1.9981,0.8,PT01,2,5,1,45,4
2015,24,31,428000,150668,0.0363,1.3286,0.8,PT07,1,2,2,29,4
2015,51,107,520000,203037,0.0363,1.9209,0.8,PT01,2,2,1,44,4
2015,13,113,132000,32916,0.0363,0.475,0.8,PT01,2,3,2,58,3
2015,37,37,285000,106018,0.0375,1.5432,0.94,PT01,2,5,2,62,5
2015,12,15,45800,57595,0.04,1.0322,0.54,PT01,2,7,3,56,5
2015,24,31,290000,85931,0.04,0.7578,0.71,PT11,1,5,2,32,5
2015,51,153,328000,99564,0.0388,0.9419,0.8,PT07,1,7,3,41,5
2015,37,97,412000,149100,0.0388,2.9701,0.8,PT07,2,5,1,44,4
2015,37,129,344000,119484,0.04,1.9652,0.8,PT07,2,5,1,43,5
2015,51,510,456800,138062,0.0388,1.3062,0.8,PT11,1,2,2,44,5
2015,37,63,185000,53808,0.0413,0.7832,0.79,PT07,2,7,1,75,4
2015,37,1,223440,93000,0.0413,1.6578,0.95,PT01,2,5,2,32,4
2015,37,81,101520,55410,0.0363,1.002,0.8,PT01,1,5,1,48,5
2015,24,27,400000,132828,0.04,1.5517,0.8,PT01,2,3,1,44,4
2015,51,107,528841,235222,0.0388,2.2254,0.8,PT07,1,5,1,29,5
2015,12,85,417000,147996,0.0413,2.5964,0.79,PT01,2,5,1,54,4
2015,51,510,480000,168037,0.0388,1.5898,0.8,PT11,2,5,2,57,4
2015,47,65,373000,139713,0.0363,2.4172,0.89,PT01,2,5,1,43,5
2015,24,31,500000,179004,0.04,1.5785,0.71,PT01,2,5,1,31,5
2015,24,31,527920,211224,0.04,1.8626,0.8,PT07,2,2,1,46,5
2015,37,109,158000,84000,0.04,1.6733,0.8,PT01,2,5,2,47,4
2015,51,107,518400,158704,0.0363,1.5015,0.8,PT07,2,5,2,27,4
2015,12,11,160000,161723,0.0413,2.5834,0.8,PT11,2,7,2,46,5
2015,13,135,106500,31992,0.0375,0.4616,0.75,PT07,1,2,2,44,3
2015,13,135,188000,52968,0.04,0.7643,0.8,PT11,2,2,1,31,5
2015,51,107,199920,61644,0.0413,0.5832,0.8,PT11,1,5,1,25,4
2015,24,31,308000,64008,0.0413,0.5644,0.8,PT01,2,2,2,36,3
2015,24,31,288400,71015,0.0375,0.6262,0.8,PT07,2,5,1,69,4
2015,12,83,190000,69852,0.0363,1.3832,0.71,PT07,2,5,1,47,5
2015,12,103,99000,64114,0.0413,1.1368,0.77,PT01,2,7,2,53,4
2015,12,109,364402,93384,0.0425,1.3876,0.8,PT07,2,7,3,39,4
2015,54,83,75000,72816,0.0413,1.6039,0.56,PT01,2,5,1,45,5
2015,54,95,86500,69909,0.0413,1.5398,0.74,PT01,2,5,1,99,5
2015,54,33,240000,127490,0.0375,2.8081,0.8,PT01,2,5,1,42,5
2015,24,1,225000,198365,0.0363,3.7427,0.65,PT01,2,5,1,31,5
2015,12,81,200000,78996,0.0388,1.3188,0.68,PT07,2,5,1,37,5
2015,54,33,95000,140738,0.0388,3.1,0.95,PT01,2,5,1,45,4
2015,54,103,60800,58240,0.035,1.2828,0.8,PT01,2,5,1,99,5
2015,51,107,312238,119640,0.0388,1.1319,0.95,PT11,2,7,3,30,3
2015,54,33,207100,93378,0.0388,2.0568,0.95,PT01,2,5,1,27,4
2015,24,19,123219,49920,0.0425,0.6876,0.92,PT12,1,5,1,46,4
2015,54,85,77200,62571,0.0388,1.3782,0.8,PT01,1,5,1,28,5
2015,24,5,354395,195744,0.0425,2.2867,0.9,PT01,2,5,2,56,3
2015,54,61,160650,95004,0.035,1.6785,0.9,PT01,1,5,1,28,5
2015,54,83,139900,159868,0.04,3.5213,0.94,PT01,2,5,1,26,5
2015,47,149,108400,44410,0.0363,0.6618,0.8,PT01,1,5,1,34,5
2015,54,83,112500,97662,0.035,2.1511,0.9,PT01,2,5,1,63,5
2015,54,33,63650,799581,0.0375,17.6119,0.95,PT01,1,5,1,22,4
2015,12,86,350000,186711,0.0375,3.5496,0.56,PT11,2,5,1,66,5
2015,51,107,362723,141624,0.0388,1.3399,0.95,PT11,2,5,1,32,4
2015,54,85,194900,180000,0.0338,3.9648,0.8,PT01,2,5,1,51,4
2015,54,83,129000,29411,0.04,0.6478,0.8,PT01,1,5,2,25,2
2015,54,107,61750,30000,0.04,0.5639,0.95,PT01,1,5,2,44,5
2015,24,25,340099,190992,0.0388,2.2312,0.95,PT01,2,5,1,43,5
2015,54,83,125000,63696,0.0375,1.403,0.58,PT01,2,5,1,36,5
2015,54,91,79800,83532,0.0388,1.8399,0.95,PT01,1,5,2,35,5
2015,54,83,82800,30156,0.0413,0.6642,0.9,PT01,2,5,1,40,4
2015,37,101,252000,160508,0.03,2.0089,0.72,PT07,2,5,1,54,5
2015,54,97,80000,59027,0.04,1.3002,0.46,PT01,2,5,1,76,5
2015,54,17,159000,70800,0.0375,1.5595,0.8,PT01,2,5,1,30,2
2015,54,83,132000,86000,0.0413,1.8943,0.8,PT01,2,5,1,33,5
2015,54,83,114300,49264,0.0388,1.0851,0.9,PT07,2,5,1,29,4
2015,54,61,403750,109800,0.0413,1.9399,0.95,PT07,2,5,1,32,3
2015,12,11,81000,91963,0.04,1.4691,0.75,PT11,2,5,2,35,5
2015,24,27,264000,135000,0.0438,1.5771,0.8,PT01,1,5,1,28,5
2015,24,31,318400,117253,0.0388,1.034,0.8,PT01,2,5,2,83,5
2015,24,5,85000,48864,0.0413,0.5708,0.74,PT01,2,5,1,26,3
2015,54,83,190000,97104,0.0388,2.1389,0.95,PT01,2,5,1,37,5
2015,54,83,100000,43056,0.0425,0.9484,0.68,PT01,2,5,1,84,5
2015,54,83,210000,142992,0.0388,3.1496,0.84,PT01,2,5,1,41,5
2015,51,107,292000,204731,0.0413,1.9369,0.8,PT01,2,5,1,47,5
2015,54,85,228000,124800,0.04,2.7489,0.95,PT01,2,5,1,45,5
2015,54,1,91200,62887,0.0413,1.3852,0.8,PT01,2,5,1,38,3
2015,54,95,111625,105000,0.0425,2.3128,0.95,PT01,2,5,1,99,4
2015,24,33,308750,120000,0.0413,1.1353,0.95,PT01,1,5,1,32,5
2015,54,107,92150,42960,0.0425,0.8075,0.95,PT07,1,5,1,20,3
2015,54,83,68000,115586,0.0413,2.5459,0.8,PT01,2,5,2,59,5
2015,54,33,114000,32040,0.04,0.7057,0.95,PT01,1,5,1,23,4
2015,54,33,109250,66494,0.04,1.4646,0.95,PT01,2,5,2,40,5
2015,54,7,95000,45276,0.0413,0.9973,0.76,PT01,2,5,1,68,5
2015,54,9,30000,39516,0.0413,0.7643,0.76,PT01,1,5,1,57,3
2015,54,57,85000,34320,0.0363,0.6475,0.71,PT01,2,5,2,51,5
2015,54,33,163800,231854,0.0388,5.1069,0.9,PT01,2,5,1,47,5
2015,54,83,76800,66936,0.0388,1.4744,0.8,PT01,2,5,1,67,5
2015,54,83,100000,32604,0.04,0.7181,0.55,PT01,1,5,1,32,5
2015,54,85,57000,38160,0.0413,0.8405,0.95,PT01,2,5,1,47,3
2015,13,121,188000,67300,0.0388,0.9711,0.8,PT11,1,5,2,28,5
2015,54,103,45000,79939,0.0425,1.7608,0.9,PT01,2,5,1,99,4
2015,24,31,615239,143952,0.0388,1.2694,0.8,PT07,2,3,1,43,4
2015,54,107,114300,89760,0.0413,1.6872,0.92,PT01,1,5,1,23,4
2015,13,89,200000,67750,0.04,0.9776,0.47,PT01,2,5,1,61,5
2015,54,83,210000,191532,0.0363,4.2188,0.8,PT01,2,5,1,57,4
2015,54,9,155000,69852,0.0413,1.3511,0.89,PT01,2,5,1,30,3
2015,54,83,57600,39989,0.0413,0.8808,0.9,PT01,1,5,1,20,4
2015,24,13,87000,24911,0.0413,0.29100000000000004,0.52,PT01,2,5,2,64,4
2015,24,5,139004,139944,0.0425,1.6349,0.77,PT01,1,7,1,67,3
2015,24,3,329900,244891,0.0425,2.8609,0.86,PT01,2,5,1,47,5
2015,51,59,625500,249828,0.04,2.3636,0.62,PT01,2,5,1,45,3
2015,51,85,417000,296139,0.0325,3.9172,0.79,PT01,2,3,2,99,5
2015,37,21,256000,139008,0.0288,2.3803,0.8,PT11,2,5,2,63,5
2015,12,99,158400,61116,0.0463,0.9534,0.8,PT01,2,7,3,48,2
2015,51,191,123200,132345,0.035,2.6364,0.8,PT01,2,5,2,47,5
2015,12,53,197160,56718,0.0438,1.0056,0.8,PT07,2,5,1,52,4
2015,37,121,216125,92000,0.0413,1.8327,0.95,PT01,2,5,1,34,5
2015,24,5,263900,105000,0.04,1.2266,0.8,PT01,2,5,2,41,4
2015,12,127,99200,90502,0.045,1.5631,0.8,PT07,2,5,2,99,5
2015,12,101,144000,88643,0.0375,1.5717,0.8,PT07,2,5,1,53,5
2015,47,37,244625,74103,0.0413,1.1044,0.95,PT01,1,5,1,99,4
